"Key";"Source";"Translation"
"alligator_gar";"Alligator gar, or Atractosteus spatula, is a species of fish with fossils tracing its existence to the early Cretaceous Period. These torpedo-shaped fish have not changed many of the morphological traits of their ancestors. Unlike many other fishes, it can breathe air, which allows them to populate areas dangerously low in oxygen for other water-breathers. Its scales form incredibly tough layers that are nearly impenetrable; when under attack, these scales defend well against any aggressors. Similar to the unrelated nautilus, alligator gars live long and mature late, and after which, they spawn an obscene amount of eggs depending on the size of the female. While they appear passive and sluggish, these little demons are actually voracious beasts when it comes to food, just like the animal they were named after. Gars are primarily piscivorous night predators, sometimes eating water fowls and small mammals at the surface. They lie in wait below the surface and wait for prey to come within reach, and then they lunge forward and grab their prey in a sweeping motion before impaling the poor sap with its teeth.";""
"allosaurus";"Allosaurus, the ""Different Lizard,"" provides a ""different"" example of a ferocious predator than that of the Tyrannosaurus. Contrasting with the T. rex, the Allosaurus measured only three meters tall, just under twice the height of a human. It was still quite long at a maximum of 9-10 meters. Its notable skull ridges had several functions, such as acting as sun-shades and display items. Curiously, many skull fossils found exhibit odd imperfections, providing valuable insight into the paleo pathology of dinosaurs and its possible effects on creatures. Living at the top of its food chain, the menacing claws and jaws of the Allosaurus made it quite the predator long before the time of the Tyrannosaurus. Abundantly found in the Morrison Formation, it survived by preying upon large herbivores and possibly even some predators. It prowled the semiarid environments of present day America and Portugal alongside other predators like Ceratosaurus and Torvosaurus, but the three likely held separate niches. Living from the Kimmeridgian to early Tithonian eras of the Jurassic, Allosaurus had a delectable selection of prey. Paleontologists have found evidence that it hunted Stegosaurus and other members of its family for food and likely scavenged sauropod carcasses.";""
"ankylosaurus";"Ankylosaurus, the ""Fused Lizard,"" is a dinosaur that all tanks could take some notes from. At about eight meters long and over one meter tall, the Ankylosaurus put every part of its hefty body to work in protecting itself. Its armor consisted of massive knobs and bony plates embedded in the skin called osteoderms. These osteoderms were light and sturdy, and they were highly resistant to penetrative objects like the teeth of predators. When it felt threatened, it employed its powerful tail club against other dinosaurs, oscillating its tail in a hundred-degree motion. The placement of the club at the end of the tail adds to its inertia, causing massive damage to opponents. The Ankylosaurus lived in North America during the late Cretaceous Period alongside fierce predators and competition. Its incredible defense mechanisms protected it against massive carnivores like Tyrannosaurus. Ankylosaurus occupied a similar niche to herbivores like Triceratops, its wide mouth allowing it to feed on a variety of low vegetation in its subtropical floodplain environment. As the largest known ankylosaurid, the amount of food that passed through its large digestive system would have been immense. This hungry herbivore would not have stripped the region bare, though, because it likely lived solitary as an adult.";""
"aquilolamna";"Aquilolamna (Ah-quill-oh-lamb-nah), also called the “eagle shark,” was a cartilaginous fish that lived during the Late Cretaceous period. While unrelated to manta rays, this fish sports giant pectoral fins and a torpedo-shaped body. It was probably a filter feeder, sifting plankton from the seawater with its large mouth like modern basking and whale sharks. Its similarities to manta rays are the result of convergent evolution, where two lineages evolve similar body features to exploit similar resources in their environment. Unlike mantas, however, Aquilolamna likely glided through the water using its tail for propulsion rather than relying on flapping its pectoral fins. What exactly Aquilolamna is remains a bit of a mystery. Currently, one of the best ways to determine cartilaginous fish relationships is by looking at their teeth, but the only known fossil of Aquilolamna lacks these. Whether the teeth are yet to be found, or Aquilolamna lacked teeth altogether, is still unknown. Perhaps the taxonomic placement of this strange fish will be discovered in your lifetime! Aquilolamna is known from the Agua Nueva Formation in Mexico, which preserves a variety of marine animals from the Late Cretaceous. Data from this formation tells us Aquilolamna lived alongside polycotylid plesiosaurs, mosasaurs, ammonites, plenty of small fish, and the crushing-mouthed shark Ptychodus.";""
"arthropleura";"Arthropleura, the ""Jointed Ribs,"" is an iconic Carboniferous arthropod that was popularized by the TV series 'Prehistoric Park.' This giant millipede could grow to over two meters long, taking it out of the ""creepy crawly"" range and upgrading it to ""arthropod overlord."" Although intimidating in size, this gentle giant was either an herbivore (an animal that eats plants) or a detritivore (an animal that eats dead organisms). Scientists know this because if Arthropleura was a carnivore, it would have hard mouth parts that would fossilize, but no mouth fossils have been found. Even though it didn't prey on other animals, Arthropleura wasn't defenseless; in addition to its tough exoskeleton, it may have secreted toxins just like its modern day relatives! Arthropleura thrived during the Carboniferous Period of North America and Scotland, scuttling along the floor of the lush rainforests that the period is known for. Arthropods were the dominant life forms in these forests, allowing animals like Arthropleura and Meganeura to grow to colossal sizes. Plants also reached new heights; the horsetail Calamites and the scale tree Lepidodendron each grew 30 meters tall! However, at the end of the Carboniferous all of these huge organisms perished as the life sustaining rainforests collapsed.";""
"brachiosaurus";"Brachiosaurus, the ""Arm Lizard,"" is recognized as a marvel of the prehistoric world because of the amazing heights these mysterious dinosaurs reached during their long reign on Earth. With a maximum height of 12 meters and length of almost 20 meters, the Brachiosaurus loomed over other dinosaurs of its time. Like most sauropods, its size acted as a safeguard against the appetites of contemporary predators like Allosaurus; only young, old, and sick Brachiosaurus were susceptible to attack. Unlike many other sauropods, the neck of Brachiosaurus was straight and upward-facing due to the incline of its back. This gave it its height, which allowed it to browse the highest foliage, something other herbivores couldn't take advantage of. As a rare Jurassic sauropod in North America's Morrison Formation, Brachiosaurus enjoyed existence along with other sauropods, such as Diplodocus and Camarasaurus, and other famous creatures like the Stegosaurus. It roamed across North America in semiarid environments with plenty of vegetation to sustain its massive body. For a time, Brachiosaurus was considered the largest of the dinosaurs, but Argentinosaurus took the title away from the beloved Brachiosaurus.";""
"ceratosaurus";"Ceratosaurus, the ""Horned Lizard,"" was not a creature of size, as shown by its length of about six meters and height of two meters, but it compensated its size with ferocity. Unlike other theropods, Ceratosaurus possessed an abnormally large skull in proportion to its body. Its nasal horn and brow crests likely functioned as mechanisms to attract mates, and it probably dueled with competing males over a female. For protection, Ceratosaurus featured a row of small osteoderms on its back, acting as dermal armor. Since its discovery during the famous Bone Wars of Edward Drinker Cope and Othniel Charles Marsh, a wide range of Ceratosaurus growth stages have been discovered, cementing it as one of the dinosaurs with a more complete fossilized record of its life stages. Roaming the lands of North America and present day Portugal from the Kimmeridgian to the Tithonian eras of the Late Jurassic Period, the Ceratosaurus hunted around waterways and in underbrush, feeding on small herbivores like Dryosaurus. This hunting pattern represents a different niche than those occupied by larger contemporary carnivores like Torvosaurus (which hunted bigger prey in the same wet and forested areas) and Allosaurus (which also hunted big prey but in drier and more open areas).";""
"citipati";"Citipati, the ""Funeral Pyre Lord,"" is often mistaken for its popular relative, Oviraptor. However, Oviraptor is actually known from comparatively poorer remains than the well-preserved Citipati. At 3 meters long, Citipati was a large oviraptorid with an iconic crest. Despite the popularity of the old hypothesis that oviraptorids were literal ""egg thieves,"" we now know that these dinosaurs were attentive parents to their nests. Several spectacular fossils of Citipati, fossilized while brooding over its eggs with its arms fanned out over them, were integral to dispelling this myth. Their nests were circle-shaped with gaps in the middle, where the parent could sit with its wings spread over its progenies. Strutting through the Cretaceous Period of what is now Mongolia, this bird-like beast lived in an arid desert habitat alongside famous dinosaurs like Protoceratops, Shuvuuia, and Pinacosaurus. One could expect a larger theropod like Citipati to be a carnivore, preying on the smaller dinosaurs around it. However, its toothless beak would have made it a poor predator. It was likely an omnivore, snacking on small animals, plants, and ironically, even eggs. One possible prey item was juvenile Byronosaurus, which have been found fossilized in Citipati nests. If not there as a meal, these juveniles could also have been nest parasites!";"Citipati, namı diğer ""Cenaze Ateşi Efendisi"", çoğunlukla daha popüler olan akrabası Oviraptor ile karıştırılır ancak Citipati görece Oviraptor'a göre daha iyi korunmuş daha fazla kalıntıya ahiptir. 3 metre uzunluğunda, Citipati ikonik ibiğiyle tanınan büyük bir oviraptorid idi. Hala popüler olan, oviraptoridlerin ""yumurta hırsızları"" olduklarını öngeren eski hipotezin aksine oviraptoridler, büyük yuvalarına adanmış fedakâr ebeveyinlerdi. Bir çok Citipati fosili hala yumurtalarının üzerinde otururken ve onları kollarıyla korumaya çalışırken bulundu, bu da bu eski mitin yanlışlığını kanıtlar nitelikte. Yuvaları içi göçük daire şeklindeydi bu şekilde ebeveyinler yumurtalarının üzerine kanatlarını onları korumak için yayarak oturabiliyordu. Bu kuş benzeri büyük hayvan Geç Kretase Döneminde günümüz Moğolistan topraklarında, kurak bir çöl iklimi içerisinde; Protoceratops, Shuvuuia ve Pinacosaurus gibi ünlü dinozorların arasında yaşadı. Böylesine büyük bir hayvandan yırtıcı olması ve döneminde yaşadığı bölgedeki küçük hayvanları yemesi beklenebilirdi ancak bu dinozor dişsiz gagasıyla muhtemelen çok da büyük bir tehdit oluşturmuyordu. Muhtemelen Citipati bir hepçildi; küçük hayvanlar, bitkiler ve hatta ironik olarak da bazen yumurtayla besleniyordu. Potansiyel avlarından biri belki yavru Byronosaurus olabilir. Çeşitli fosillerde Citipati yuvalarının içinde bulundular, eğer onlar orada yenmek için bulunmuyorsa o halde yuva parazitleri bile olabilirler, günümüz guguk kuşları gibi!"
"coelacanth";"Coelacanth, the ""Hollow Spine,"" is a rare fish that has roamed the oceans for hundreds of millions of years since the Devonian Period. With a length of two meters, the coelacanth compares in size to other fishes that lived during its long existence. In the over four hundred million years since the Devonian Period, the coelacanth has changed its form little. For a hundred years, science believed it to be extinct before its rediscovery. Upon rediscovery in 1938, the coelacanth cemented itself as a living fossil. Living along African coasts and in Indonesian waters, its food and temperature needs restrict it to these areas. It feeds in underwater caves and crevices ay night, but During the day, it rests and saves vital energy for feeding time. The coelacanth's existence is threatened by deep-sea trawling, despite the lack of commercial value for the fish (apart from museums and private collectors). Only two species of coelacanth remain alive today, both threatened, making them some of the most endangered animals on Earth. Many governments around the world allocate money to the conservation of the coelacanth population, of which no more than a few hundred is estimated; without this important effort, the animal that braved more than four hundred million years may join the past with extinction.";""
"compsognathus";"Compsognathus, the ""Elegant Jaw,"" may be an adorably small creature, but it is truly an opportunistic carnivore with a bad attitude. With a length of a meter and height of half a meter, some members of the species managed to grow to the size of turkies, but not much larger. Commonly called a ""compy,"" several fossil finds of this creature are nearly complete and very well-preserved; due to the remarkable integrity of the remains, even the contents of some Compsognathus' bellies have been fossilized. This gives paleontologists a clear idea of its diet, which is not very common amongst dinosaurs due to the precarious nature of the fossil record. During the Late Jurassic, the Compsognathus lived in the tropical achipelago that is now Europe. Fossil evidence (or lack thereof) hints that Compsognathus may have been the only terrestrial dinosaur on the European archipelago, living with small flying creatures like Archaeopteryx and Rhamphorhynchus, which occupied very different niches from its own, leaving it to be the top land predator in the region. It preyed on small vertebrates such as lizards, which were found fossilized in its belly. Its small frame and and long tail and limbs permitted swift movement, which allowed it to outrun and outmaneuver other small creatures that would be its prey.";""
"confuciusornis";"Confuciusornis, the ""Confucius Bird,"" is a well-documented genus of animals from the Yixian and Jiufotang Formations in China. With a length of fifty centimeters and a wingspan of seventy centimeters, the Confuciusornis was not very different from modern birds. It was one of the earliest birds known to have a toothless beak, despite not being closely related to modern birds. The beak therefore developed through convergent evolution, which is the evolution of similar features in unrelated animals. Fossils of its wings include many melanosomes (cells that contain pigment), allowing us to learn that it was colored grey, red/brown, and black. The wings were probably white, with the long tail feathers being dark along their entire length. Confuciusornis was a piscivore, catching and feeding upon small Cretaceous fish with its beak. This diet is demonstrated in a fossil specimen preserved with its last meal in its belly, similar to the famous Compsognathus fossils. As a whole, Confuciusornis fossils are intriguing because some have the long tail feathers but others do not, and some are much larger than others. The best explanation for this variability is sexual dimorphism: the leading hypothesis states that the larger ones are the females, and both sexes lost the feathers during molting season.";"Confuciusornis, namı diğer ""Konfüçyus Kuşu"", oldukça iyi belgelenmiş, Çindeki Yixian ve Jiufotang formasyonlarında fosilleri bulunan, soyu tükenmiş bir hayvan cinsidir. Elli santimetre uzunluğundadır ve yetmiş santimetre de kanat açıklığına sahiptir. Confuciusornis modern kuşlardan pek de farklı değildir. Kendisi modern kuşlarla yakın akraba olmamasına rağmen bilinen en eski dişsiz gagaya sahip olan kuşlardandır. Dişsiz gaga yakınsak evrim örneğidir, yani bu gaga modern kuşlardan tamamen bağımsız ve alakasız olarak onlara benzeyecek şekilde evrimleşmiştir. Fosilleşmiş kanatları oldukça fazla melanosit (renk pigmenti depolayan hücreler) içerir. Bu onların gri, kırmızı/kahverengi ve siyah renklerinde olduklarını gösteriyor. Uzun kanatları muhtemelen beyazken kuyruk tüyleri boylu boyunca siyahtı. Confuciusornis bir piscivordu, gagasını kullanarak Kretase balıklarını yiyordu. Bu beslenme hakkındaki yargıya fosilleşmiş Confuciusornis karınlarındaki fosilleşmiş son yemeklere bakılarak varıldı, ünlü Compsognathus fosiline benzer şekilde. Bütün olarak bakıldığında Confuciusornis fosilleri oldukça ilgi çekici çünkü bazılarının upuzun kuyrukları varken bazılarının yok ve bazıları diğerlerine kıyasla çok büyük. Bu olguya karşı yapılabilecek en iyi açıklama eşeysel dimorfizm: Şu anki baskın görüşe göre daha büyük olanlar dişi ve her iki cinsiyet de uzun tüylerini tüy dökme sezonunda kaybediyorlardı."
"crassigyrinus";"Crassigyrinus, the ""thick tadpole,"" was the rebellious teenager of life's transition to land. This two-meter-long creature was one of the first tetrapods, or animals with four legs. You might not have noticed, though, because of its tiny limbs! Crassigyrinus' limbs were likely vestigial because it had readapted to a fully aquatic life-style. This left it with a slender, eel-like profile that was perfect for prowling the early Carboniferous waters it called home. Following the teenage trend of ungainly proportions, its head and jaws were gigantic in order to accommodate massive eyes and two rows of teeth. These adaptations made Crassigyrinus an effective predator. Its streamlined body helped it move swiftly through the water, while its hefty head tore into its prey of choice: small vertebrates, like fish. This wee beastie swam in the swamps and lakes of what is now Scotland. Its large eyes were perfectly adept at peering through the murky water that it lived in, and may have also provided nocturnal vision for when it snuck out past curfew and tried to go party at the pub. Other frequenters of the Scottish swamps included Crassigyrinus' the small fish that it feasted upon, anthracosaurs like Proterogyrinus, terrestrial temnospondyls, and an assortment of arthropods.";""
"deinonychus";"Deinonychus, the ""Terrible Claw,"" is a famous dinosaur that was at the forefront of paleontologist John Ostrom's ""dinosaur renaissance."" Ostrom lead the charge in reforming dinosaurs from slow, cold-blooded lizards to the swift, warm-blooded birds we know today, effectively revolutionizing dinosaur knowledge. With a maximum length of three meters and height of about a meter, Deinonychus was a strong creature with a powerful body ready to attack. Like its fellow dromaeosaurids, it possessed a sickle-shaped claw on its second toe and likely had feathers covering its entire body. Living during the early Cretaceous Period, Deinonychus made its home in North America's tropical climates. Deinonychus' limbs could grasp and clutch objects well. They may have allowed for tree climbing, leading to possible arboreal behavior. The Deinonychus hunted small- and medium-sized dinosaurs with a technique called ""raptor prey restraint,"" in which it attacked prey, held it down, and ate it alive. Although many people believe they hunted in packs to tackle large prey like Tenontosaurus, a different hypothesis states that Deinonychus may have ""mobbed"" prey, similar to how Komodo dragons hunt alone but gather in groups to feast on recent kills.";"Deinonychus, namı diğer ""Kokunç Pençe"", John Ostrom'un ""dinozor rönesansı""nda önde gelen canlılarındandır. Ostrom, dinozorlara olan bakış açısını değiştiren; onları soğukkanlı, yavaş, sürünen kertenkelerden sıcakkanlı, çevik kuş gibi canlılar olduklarını gösteren; paleontoloji dünyasında adeta devrim yapan bu hareketin önde gelen isimlerinden biridir. Maksimum olarak uzunlukta üç metre, boyda bir metre olan Deinonychus, yaşadığı dönemde saldırmaya her an hazır güçlü kuvvetli bir dinozordu. Aynı diğer dromaeosauridler gibi o da ikince ayak parmağında kanca şeklinde bir pençeye ve muhtemelen bütün vücudunu kaplayan, kuşlara kıyasla daha ilkel olsa da, tüylere sahipti. Erken Kretase Dönemi boyunca Kuzey Amerika'nın tropik iklimi içinde yaşadı. Deinonychus uzuvları sayesinde bir şeyleri kolayca tutunabilir veya kavrayabiliyorlardı. Bu uzuvları ona ağaçlara tırmanmanmaya hatta belki ağaçsal bir yaşam tarzına izin veriyordu. Deinonychus küçük ve orta boyutlardaki avlarını ""raptor av kısıtlaması"" adında bir teknik kullanarak avlıyordu. Bu teknik kısaca avının üzerine atla, ona tutun, canlı canlı yemeye başla adımlarından oluşuyordu. Pek çok insan sürü halinde avlanıp Tenontosaurus gibi büyük avları avladıklarını da düşünse de ;Deinonychus, bazı hipotezlere göre ""toplaşıp"" avlanıyordu. Bu avlanma şekli günümüzde komodo ejderlerinde görüyoruz, normalde yalnız avlanan bu hayvanlar, yeni öldürülmüş avlar etrafında toplaşıp beraber ziyafet çekiyorlar."
"dicranurus";"Dicranurus (Die-cran-urr-us) is one of the most bizarre trilobites, even among its family odontopleuridae, which contains some real weirdos. Its body segments are elongated at the sides into fearsome spikes, with two large spines coming out of its cheeks – the strangest feature, however, are the two curved horns which extend from the back of the glabella. While these spines may have been intimidating at the bottom of the sea covering Oklahoma during the Devonian, Dicranurus is only about two inches long. Interestingly, this trilobite was used as an initial inspiration for an alien design for a particular film released in 2012, so perhaps these spines do have some merit in being scary! Don’t worry though – this Dicranurus won’t be attacking people or laying eggs in their chest any time soon.";""
"dilophosaurus";"Dilophosaurus, the ""Two Crested Lizard,"" is a dinosaur made famous by the movie Jurassic Park's fictitious size, frill, and venomous spit. The real Dilophosaurus was just as fascinating without the fabricated details and is just as beloved by dinosaur fans. With a maximum length of about six meters long and a height of almost two meters tall, the Dilophosaurus was about the same height as an adult human. It grew rapidly with age, and by the time it was an adult it could feed upon many small dinosaurs. Several Dilophosaurus fossils preserving deformities such as injuries and tumors have been found, giving us insight into the stressful environments and ailments that these creatures lived with. Roaming North America during the early Jurassic Period, Dilophosaurus enjoyed arid environments that few known creatures lived in. As one of the largest carnivores of the time, the Dilophosaurus asserted itself in the food chain. To satiate its appetite, the Dilophosaurus likely fed on small armored herbivores or heterodontosaurids. It may have also fed upon aquatic life as evidenced by swim track trace fossils. Its famous head crests were used for display in order to attract a suitable mate, and they likely doubled as a form of identification between Dilophosaurs.";""
"dimetrodon";"Dimetrodon (Dai-meh-truh-daan) is a large four-legged carnivore that lived during the Early and Middle Permian in what is now North America and Europe. Its name means “two measures of teeth” in reference to the long and short teeth found in its jaws. While you’d be mistaken for thinking this animal is a reptile, it’s actually a synapsid, part of the same lineage represented solely by mammals today. Easily the most recognizable feature of Dimetrodon is its characteristic sail. Many ideas regarding its function have been tossed around, from thermoregulation to display to allowing other Dimetrodons to identify males and females of their species. In reality, it’s likely the sail served multiple purposes, but exactly what these were is still up in the air. What do you think Dimetrodon could have used its sail for? The species in front of you is Dimetrodon grandis, which is common in museums today and is the second-largest known Dimetrodon species (the largest is D. angelensis, and the smallest is D. teutonis!) It lived in the Red Beds of Texas and Oklahoma, USA (a wetland at the time), hunting animals such as Edaphosaurus and Diplocaulus, and alongside Calamites trees and the freshwater shark-relative Xenacanthus!";""
"dimorphodon";"Dimorphodon (dy-mor-fo-don) was a small pterosaur that lived in the Early Jurassic. Its name means “two-formed teeth” in reference to its heterodont dentition, or multiple types of teeth in its mouth. While common in mammals, this is generally rare in reptiles. While definitively a carnivore, there was some debate in the past as to what types of animals this pterosaur was eating. Tooth microwear analysis suggests a diet of primarily vertebrates such as other reptiles. When compared to Quetzalcoatlus and Pteranodon, Dimorphodon would appear quite primitive, sporting a long tail, short neck, and toothy mouth. It helps to keep in mind that Dimorphodon existed 120 million years before these larger, more derived pterosaurs. Modern reconstructions of Dimorphodon’s locomotion suggest it was particularly able on the ground, more so than many later pterosaurs. Coupled with its shorter wings, this may suggest Dimorphodon spent a lot of time on the ground, and took quick flights rather than soaring for long distances. This pterosaur was also likely a good climber! Hailing from the Jurassic Coast of England, Dimorphodon may have inhabited coastal forests. In the same rocks that yield its fossils, we find fossils of the shark Hybodus, Ichthyosaurus, and Plesiosaurus. No wonder it was initially thought of as a seafarer!";""
"diplocaulus";"Diplocaulus, meaning ""double caul,"" is a beloved critter with a unique boomerang-shaped head! This meter-long amphibian was described by E. D. Cope in 1877, the first year of the famous ""Bone War"" between Cope and his colleague, O. C. Marsh. Today, little Diplocaulus is the subject of its own new ""war"" - some researchers speculate that its horns sported skin flaps that connect to its neck, giving it a wider silhouette. However, most people depict Diplocaulus without this connective tissue because no evidence for it has been found. Many hypotheses about the function of its boomerang-head have been put forward by paleontologists since its discovery. One study suggested that its odd head created lift, helping it to ascend and descend in the water. Diplocaulus inhabited the waterways of North America and Africa from the late Carboniferous to the Permian period. Fully aquatic, its diet likely consisted of small fish. Evidence shows that during the dry season, Diplocaulus likely went into estivation (a form of hibernation that takes place over the summer). Regardless, we know they dug burrows for shelter, due to a fossilized burrow of eight Diplocaulus curled into balls! In a vivid display of nature's brutality, this burrow was raided by the famous Permian carnivore Dimetrodon, who killed and partially ate three juveniles.";""
"diplodocus";"Diplodocus, the ""double-beam,"" is one of the most famous dinosaurs in the world. This 24-meter-long, four-meter-tall dinosaur can be found in dozens of museums worldwide, making ""Dippy"" recognizeable everywhere. Its absurdly long tail is perhaps its most iconic feature: it tapers to a flexible ""whip-like"" end, which some enthusiasts speculate could have been used as a real whip against predators. This tail also functioned as a counterbalance to the massive, heavy neck that stretched from the front of its body. While some sauropods like Brachiosaurus had longer arms than legs, giving them more vertical postures, Diplodocus's arms were shorter, giving it a horizontal posture. This hefty herbivore browsed the Jurassic foliage of semi-arid coasts in what is now the central United States. Diplodocus lived alongside several other sauropods, including Apatosaurus and Camarasaurus, so the landscape must have been constantly altered wherever these hungry diners stopped to enjoy the buffet. Based on the shape of their teeth, paleontologists can tell that each species of sauropod ate a different kind of plant in order to avoid competition with each other. Many predators (such as Allosaurus, Ceratosaurus, and Torvosaurus) also shared the same habitat with these sauropods, and would have had to eat different prey to avoid competition as well.";""
"dodo";"Raphus cucullatus, the Dodo bird, is an adorable and lovable flightless bird that succumbed to the wild colonization of man. Dutch sailors first recorded the existence of the bird in 1598 on the island of Mauritius, which is east of Madagascar. Over the course of the next century, hunting by sailors and invasive species drove it to extinction less than one hundred years after the first encounter. Unfortunately for the dodo, humanity's selfish desire for land and comfort clashed with the natural order of Mauritius, ending this beautiful species. Its extinction has helped call attention to humanity's growing involvement in species extinction worldwide. The dodo inhabited the woodland areas around the coastline of Mauritius. Early accounts of by the Dutch detail the bird's behavior. It was herbivorous, feeding on nuts, seeds, bulbs, and fruit. Though flightless, its small wings were likely used for display and balance. Its robust legs were strong and allowed it to move and maneuver swiftly. It had an intense bite for such an adorable animal, which it used for defense. Due to its unflinching nature, the settlers believed the bird to be stupid or fearless. To some, the dodo's meat was unpalatable, but others viewed it favorably despite toughness.";""
"dryosaurus";"Dryosaurus, the ""Tree Lizard,"" was a speedy little creature from the late Jurassic that fans find endearing due to its adorable looks. With a maximum legnth of about four meters and a height of two meters, Dryosaurus was on the smaller side during a time of titans. These small creatures required a well-built body to remain away from the wide maws of predators. Its strong legs made it a swift runner, and its stiff tail served as an effective counterbalance that allowed it to be incredibly agile. Considering the dangerous carnivores of the time, Dryosaurus' speed was quite necessary to evade the likes of Ceratosaurus and Allosaurus. Scampering across the semiarid environments of what is now the western United States, Dryosaurus lived in forested habitats near rivers and floodplains alongside many famous titans, such as Diplodocus and Stegosaurus. While the mighty sauropods fed upon high vegetation, Dryosaurus elected to browse lower hanging plants for sustenance. Like other ornithopod dinosaurs, it had a beak on its mouth that assisted in chewing plant matter; in addition, its cheek structure allowed it to hold food in its mouth while chewing, like human cheeks, preventing any unnecessary food loss.";""
"edaphosaurus";"The enigmatic Edaphosaurus, aka the ""pavement lizard,"" will not be tread on! Like many other prehistoric critters, there were several species of Edaphosaurus that spanned across multiple geologic periods: from the Carboniferous to the Permian. The largest species could grow to an impressive three meters long! Despite sporting a similar sail to the Permian predator Dimetrodon, Edaphosaurus was actually a gentle herbivore. The name ""pavement lizard"" refers to its densely-packed teeth, which sat in deep jaws that sported mighty muscles. Ferns must have quivered with fear when they saw the formidable Edaphosaurus appear! During the Carboniferous, Edaphosaurus lived in iconic rainforests called coal forests (named for the fact that its plant matter became coal). The species that lived in the Permian period still inhabited lush marshes, but experienced gradual global warming and drying as the planet transitioned to hot, dry deserts. Although some researchers hypothesized that its large sail was useful for cooling the body, it was likely used for either fat storage or display instead. The ""pavement lizard"" paraded its sail across a large range, extending across much of the modern United States, only vulnerable to falling prey to large predators like Dimetrodon.";""
"elasmotherium";"Elasmotherium, the ""Thin Plate Beast,"" is a prehistoric mammal from a time when everything seemed to grow larger and hairier. With a length of about four and a half meters and a height of over two meters, the Elasmotherium was not an incredibly large creature, but its large horn and power compensated for it. Its meter-tall horn was made of keratin, the substance that makes up human nails, and was probably used for defense and display. Though it weighed almost twice the weight of a white rhinoceros, the Elasmotherium is thought to have been able to gallop just like its modern relative. Living during the late Pliocene to the late Plesitocene, it roamed Eurasia grazing on grass and sometimes browsing selectively to find the most nutritious plants. It likely inhabited savannas, areas with brush, and closed forests. Legends across Asia refer to a beast with a large horn, and some ancient art depicts a creature resembling the Elasmotherium. In Western Europe, tales and Paleolithic art speak of large, horned beasts. If these beasts are Elasmotherium, then their range actually consisted of Western Europe in addition to Eurasia. These legends only add to the mystery of these creatures that science is still working to solve.";""
"gallimimus";"Gallimimus, the ""Chicken Mimic,"" looks very much like an ostrich and moves like one too. At over two meters tall and six meters long, this interesting dinosaur was not much taller than a human but was much longer and faster. Its long limbs and strong, hollow bones assisted in very fast running, which helped it get from place to place and escape predators if need be. Its long, stiff tail served as a counterbalance while running. Unlike other members of its family Ornithomimidae, it had short hands and an elongated skull due to its long snout. However, like other ornitho-mimids, Gallimimus was covered with a handsome coat of feathers, complete with wing-like arms. Gallimimus fossils are found in Mongolia's Nemegt Formation, a geological formation from the late Cretaceous Period. The environment of this formation was originally humid floodplains, rivers, and lakes. It featured a wide variety of animal life and a rich amount of plant life, which was plenty of food to support omnivorous Gallimimus. Gallimimus' diet likely consisted of mostly high-fiber vegetation, but may have occassionally included small animals that it could swallow whole. Although it may have eaten meat, it certainly was not the top of the food chain; its long legs would have come in handy escaping from the local tyrannosaurids.";""
"gastornis";"Gastornis, the ""Gaston's Bird,"" is the unwanted stepchild of the ""terror birds."" Although it superficially looks like the fearsome predators, it was more closely related to modern waterfowl. This two-meter-tall bird is only a terror to plants! Originally Gastornis was thought to be a carnivore, but the structure of the beak suggests it fed on tough plant matter. However, like the terror birds, Gastornis' skull and beak were huge compared to the rest of its body, though it lacked a raptorial hook on its beak. Its deep lower jaw and strong muscles still gave it a nasty bite, which was used to crack open nuts and seeds. Footprints of Gastornis exhibit a distinct lack of the hooked talons that were so popular among the cooler terror birds. Living from the Paleocene to the Eocene Periods, Gastornis' range was far and wide across the woodlands of Europe, the United States, and China. Its earliest fossils hail from England, where it was the largest tetropod on land. It likely originated there before spreading to China and then North America via the Bering land bridge. Though it coexisted with herbivorous mammals called pantodonts, competition with mammals is often thought to be the reason why they went extinct.";""
"henodus";"Henodus, the ""Single Tooth,"" is a prehistoric placodont that is famous for its resemblance to a modern sea turtle. Its iconic flat face and shell allows it to stand out compared to true prehistoric turtles, even though it is relatively small at only a meter long. Its shell was very wide and featured an intricate mosaic pattern due to the large amount of pieces that constituted it. Like a turtle, this shell was attached to its spine, meaning it could not leave its shell. Its dopey little limbs, accustomed to swimming, were virtually useless on land. Henodus likely spent all its time in brackish and freshwater lagoons in prehistoric Germany, where quiet waters wouldn't sweep it away. Living in the Triassic Period, it was one of the few Mesozoic creatures that figured out the art of filter-feeding. Sometimes thought to have used its two teeth to munch on crustaceans, it is now more commonly accepted that Henodus used baleen-like structures in its mouth to filter out algae from the surrounding waters. It may have also had an expandable throat that allowed it to suck in the water more easily.";""
"ichthyosaurus";"Ichthyosaurus, the ""Fish Lizard,"" was described by Jules Verne as ""the most terrible of the ancient monsters of the deep."" However, the real Ichthyosaurus was very different from the hundred-foot-long monster depicted in ""Journey to the Center of the Earth."" These small, two-meter-long, torpedo-shaped reptiles were rather dolphin-like. They moved their tails side-to-side like fish, but still breathed air, controlled their boyancy, and gave birth to live young. Ichthyosaurus lived from the late Triassic to the early Jurassic Periods across what is now Europe and Asia. It was a common sight in both coastal and open ocean habitats, giving it an extremely wide range to roam. It was a successful carnivore, feeding on smaller aquatic reptiles and fish with its pointed jaws and sharp, conical teeth. Fossils of other ichthyosaurs show effects of decompression sickness, a condition that arises when a creatures moves from a high pressure environment to a low pressure one too quickly. It is likely that Ichthyosaurus, like its relatives, dove to great depths to hunt and would suffer from the same illness if it returned to the surface too quickly. Its large eyes allowed it to hunt fish by sight, even in the low light of great depths.";""
"kelenken";"Kelenken, the ""Winged Deity,"" isn't exactly popular enough to really be considered a deity, but at least it isn't a weird herbivore like Gastornis. But perhaps it qualifies with its size; at two and a half meters tall, Kelenken was the largest of the ""terror birds."" Terror certainly was the right word to describe any animal with a fierce, hooked beak such as this. Incredibly agile and swift, Kelenken chased down its prey without mercy. It had two possible methods of attack: blows from the beak or picking up and shaking. Blows from the beak would shatter bones during chases, rendering its food immobile and so it could administer the final blow. When picking up its prey, it could vigorously shake it until its back broke, paralyzing it. Living in South America during the Miocene Period, its large size and massive, 28-centimeter-long beak made it king of the foothills that it lived in. These ancient foothills are what is now the giant Andes Mountains. Kelenken roamed these future mountains using its spectacular beak as a weapon, likely chasing down speedy ungulates. It was not the only king of the hills, however; carnivorous mammal Patagosmilus also prowled this land, but it is unknown how their niches overlapped.";""
"liopleurodon";"Liopleurodon, the ""Smooth-Sided Teeth,"" was a genus of marine reptiles, specifically of short-necked plesiosaurs called pliosaurs. Liopleurodon's long skull was approximately one-fifth of its total length; therefore, the largest known specimen, with a head length of 126 centimeters, was gigantic at over six meters long. Although this is certainly a large size, it stands in stark contrast to BBC's popular but erroneous depiction of it as a 25-meter-long monster. Liopleurodon had four strong, paddle-like limbs that propelled it forward quickly, a feature that is common amongst plesiosaurs. With the great acceleration provided by its flippers and a keen sense of smell, Liopleurodon may have been an ambush predator. With fossils found all across Europe, Liopleurodon prowled the waves of the middle- to late-Jurassic island continent. As an apex predator, it struck fear into the hearts of any creature that may have crossed its path. It was a piscivore and a carnivore with its diet including giant Jurassic fishes, sharks, ichthyosaurs, and even other plesiosaurs, like Cryptoclidus, which have been found preserved with Liopleurodon bite marks.";""
"lonchodomas";"Lonchodomas (Lon-ko-dome-as) is a peculiar little trilobite hailing from the Ordovician of Russia, known best for its three long spines. Like the rest of the raphiophorid trilobites, Lonchodomas lacked eyes – it navigated the world mostly using its antenna. The large spine on the front of the head may have also been used to feel around its environment, however it could also have been used to fight one another, similar to some modern insects. The two spines extending from its cheeks are more of a mystery – perhaps they were also used as sensory tools, or maybe they deterred predators from biting onto them. Interestingly, several fossils of Lonchodomas have been found with multiple individuals preserved walking in a line – maybe these spines were used to keep themselves in line, feeling the trilobite in front of them to ensure they didn’t get lost. Some aquatic invertebrates today, like lobster, will also form long chains during their migrations, so perhaps these Lonchodomas were fossilized along their migration route. Now that you have one wandering around, maybe you can test this theory!";""
"mammoth";"Mammoths, also known by their genus name Mammuthus, the ""Mammon's Horn,"" may appear to be a fuzzy elephant, but puberty hit this one hard. Like its modern cousins, mammoths were quite large creatures, with the tallest of them reaching four meters tall with a weight of eight tonnes. Both genders possessed long, curving tusks, unlike their modern relatives. Legends and mystique surrounded the mammoth as far back as the 1600s, for many claimed to have seen the mammoth in all its furry glory. Thanks to cold climates, mammoths were incredibly well-preserved, and some bodies even bleed upon excavation. Living during the Pliocene to the early Holocene, the mammoth walked the Earth for almost five million years across North America, Europe, and Asia. Depending on the location, mammoths' diets differed from one another but were unified in their love for plants. They must have had some mean gardens. American mammoths were grazers that fed on trees and shrubs; others ate herbs and grasses. Baby Siberian mammoths ate the dung of the adults due to soft baby teeth that could not chew grass at the time. Climate change and over-hunting are blamed for the extinction of this hairy creature. However, science might yet prove that extinction does not have to be forever as de-extinction efforts are focusing on the mammoth.";""
"megalania";"Megalania, also known as Varanus priscus (which means ""Ancient Lizard Beast""), is a giant monitor lizard from Australia that grew approximately five to seven meters long, although it is difficult to estimate its size due to a lack of complete fossil skeletons. The megalania was similar to the Komodo dragon, its closest extant relative, meaning that it possibly could have been venomous. However, it is unlikely that we will know for sure unless a skull fossil is discovered. If it was indeed venomous, the venom would have been a nasty hemotoxin, which increases bleeding by stopping coagulation in the blood. This prehistoric butcher lived in Pleistocene Australia, living up to Australia's stereotype of deadly fauna. It lived in an open semiarid scrub where it hunted the giant marsupial Diprotodon and competed against other apex predators like the crocodile Quinkana, the snake Wonambi, and the predatory marsupial Thylacoleo. It also possibly lived alongside early Australian aboriginals, who arrived on the continent around 65,000 years ago. These prehistoric people tended to use fire to hunt; they set fire to forests to flush out animals. Their presence had a dramatic impact on the Australian megafauna, including megalania, which all went extinct around 50,000 to 40,000 years ago.";""
"megaloceros";"Megaloceros, also called the Irish Elk, has possibly the most fitting name of any prehistoric animal. Meaning ""Great Horn,"" Megaloceros had enormous antlers that spanned 3.65 meters. Only males had these massive antlers, and they shed and regrew them every mating season. They were probably used to impress the ladies, because who could resist such handsome headgear? In addition to its noteworthy antlers, this stunning lad was a massive two meters tall at the shoulder! Megaloceros is also one of few animals that are depicted in prehistoric cave paintings, so we can actually see how it looked in life. The art shows Megaloceros with a large, boldly colored hump on its shoulders and dark stripes sweeping down its elegant body. This horny deer lived in Europe and Asia during the Pleistocene in open forest and meadow habitats. It was hunted by cave lions, cave hyenas, and cave wolves (oh my!). Evidently, since cave paintings of Megaloceros exist, it also regularly encountered early humans. There are many theories about why the Megaloceros went extinct, including overhunting by humans; other theories argue that their foods lost quality over time, meaning that they could not get sufficient nutrients to live. Surprisingly, their closest modern relatives are not elk or moose, as could be expected, but are actually fallow deer.";""
"megalodon";"Megalodon (full name Otodus megalodon) means ""Big Tooth"" - a suitable moniker for what may be the biggest shark to have ever lived. This absolute unit grew to be an average of 15 meters in length. Its razor-sharp teeth were as large as a human's hand, reaching an average diagonal length of 18 centimeters. Because sharks' skeletons are mostly made out of cartilage, the only fossils paleontologists have of Megalodon are teeth, vertebrae, and coprolites. This makes it difficult to reconstruct what it would have looked like in life, but we can assume that it looked like a huge basking shark or thick great white. Megalodon prowled the oceans of the Neogene Period in subtropical and temperate waters. As juveniles, they stayed in shallow coastal environments, but as adults they preferred deeper water offshore. Their prey of choice were smaller cetaceans, and several whale bones have been discovered with massive cuts from Megalodon teeth. They competed with predatory whales like Livyatan for prey, which is one factor that lead to their extinction. Although popular Shark Week documentaries claim that this giant species might still exist, it is impossible that it has survived. It was not equipped to dine on the larger whales that evolved, it could not compete with killer whales, and could not take the colder climate.";""
"megalograptus";"Megalograptus means ""Great Graptolite,"" which refers to the fact that the first Megalograptus fossils were mistaken for graptolites (prehistoric colonial animals). We now know that Megalograptus was a eurypterid that looked superficially similar to a scorpion. It was slightly over a meter in length, with two massive appendages extending from beneath its head. These two appendages were covered with forward-facing spines, which may have been used to trap prey in front of it front of it to be eaten. Its tail was long and forked at the end, but it was not a stinger like those seen in modern scorpions. Megalograptus lived in coral reef environments of the Ordovician Period. Its spiny pincers helped it eat fish and other soft-bodied creatures, but its ability to eat tough trilobites is questionable. In addition to prey items, Megalograptus lived alonside crinoids, sponges, ammonites, and other species of eurypterids. It likely had no predators as adults due to its hard exoskeleton, but may have made a tasty snack when it was molting and vulnerable.";""
"meganeura";"Meganeura, meaning ""Large-Nerved,"" is a prehistoric griffinfly named after the veins in its giant wings. Griffinflies are similar to dragonflies, but lack a feature of dragonfly wings. Meganeura was one of the largest griffinflies, with a wingspan of 70 centimeters! There are several hypotheses about why these insects got to be so huge, but none are completely sufficient explanations. The most popular states that higher oxygen levels allowed them to grow larger, and while there is some evidence to support this, the fact that species of giant flying insects exist in later, less oxygenated time periods casts some doubt on this explanation. Another hypothesis refers to a lack of predators to eat them, letting them grow to maximum size and eat larger prey. Meganeura lived in the Late Carboniferous Period alongside its fellow giant arthropod Arthropleura in an environment called the coal forest. The coal forest was a rainforest-like wetland that later became the coal we burn today (hence the name). These forests supported a diverse ecosystem that ranged from invertebrates like Meganeura to ancient amphibians and reptiles. Meganeura thrived in this environment, feasting on other insects like the flying herbivores of the order Palaeodictyoptera.";""
"mosasaurus";"Mosasaurus, the ""Lizard of the Meuse River,"" was amongst the last of the mosasaurs before the Cretaceous-Paleogene mass extinction event. With the largest species being up to seventeen meters long, Mosasaurus was a force of nature within the oceans of the Cretaceous. Mosasaurus was more robustly built compared to its tylosaurine relatives. Its strong tail provided propulsion in the water while its stiff body reduced drag. It suffered from poor binocular vision and smell, which meant it likely lived near the ocean surface where there is more light and less pressure instead of in deeper waters. Policing the waters of North America and Western Europe, Mosasaurus was an undisputed king of the seas. As an apex predator, all trembled in its presence. Armed and dangerous, it was a carnivore and piscivore, feeding upon marine reptiles and various fishes in the Cretaceous Period with its massive, conical teeth. It preyed upon turtles and ammonites in addition to plesiosaurs and smaller fellow mosasaurids and at the surface of the ocean. With its paddle-like fins and strong tail, the water was almost always bloody in the world of the Mosasaurs.";""
"nautilus";"Nautiluses, the ""Sailors,"" are easily the coolest molluscs of the sea, of which Captain Nemo is a fan. Like the coelacanth, the nautilus is a living fossil that has remained virtually the same over millions of years, and it is the only member of its family to do so. Since its introduction during the Triassic Period, it survived the Cretaceous-Paleogene extinction event and still lives today. Nowadays, one can find nautiluses in deep waters of the Indo-Pacific Ocean, which spans across Southeast Africa, the Indian Ocean, Southeast Asia, Oceania, and the Pacific. There are also a few places where they can be found in shallow waters, as well. Through a system in its living chamber, the nautilus employs jet propulsion to adjust buoyancy; unlike other animals, this lets it safely move from deep waters directly to the surface without damage from the reduced pressure. Its poor vision suggests that it uses its sense of smell for foraging and locating potential mates. Nautiluses live far longer than most cephalopods (twenty years) but they typically reach sexual maturity at the relatively late age of fifteen. These creatures are scavengers and opportunistic predators, eating the molts of lobsters, hermit crabs, and carrion.";""
"ornitholestes";"Ornitholestes, the ""bird-robber,"" is a small theropod commonly shown with a small crest on its nose. However, what appeared to be a flat projection from the skull of this 2-meter-long theropod was actually the result of crushing. Don't be crestfallen, because there is still more to this dinosaur than meets the eye! Specifically, the eye socket: the eye socket on its skull is so large that paleontologists think Ornitholestes may have been nocturnal! Don't sleep on this carnivore; its arms had a wide range of motion that allowed it to snatch its prey with both hands. Ornitholestes was originally thought to have hunted Jurassic birds (hence the meaning of its name), but it's more likely that it ate a range of small critters. Ornitholestes was found in the Morrison Formation, a famous Jurassic rock formation from the western United States. The Morrison was a floodplain where water and sediment flushed in from the mountains to the west. This made it a very fertile landscape where many popular dinosaurs roamed. Sauropods like Diplodocus and Brachiosaurus stomped past Ornithischian dinosaurs like Stegosaurus and Dryosaurus. Carnivores like Allosaurus and Ceratosaurus terrorized the land during the day, while Ornitholestes prowled around at night.";""
"pachycephalosaurus";"Pachycephalosaurus, the ""Thick-Headed Lizard,"" is a wildly popular dinosaur due to the theory that it used its iconic dome-shaped head to ram into each other like bighorn sheep. However, there is significant debate in the scientific community over head-butting's feasibility. Some paleontologists believe that the Pachycephalosuaurs' skeletons were too weak for it, but others argue that the amount of infections on their domes show that they did engage in this form of combat. But at four and a half meters long, one and a half tall, with a twenty-five centimeter thick skull, Pachycephalosaurus could still pack a punch no matter how they fought. Males likely had thicker skulls than females, either for display or for battling for mates. Pachycephalosaurus' western United States home was a mild to subtropical coastal plain at the end of the Cretaceous Period. Their small teeth were probably used to nibble on soft plant matter as they roamed the countryside. They lived there alongside fan-favorite herbivores like Ankylosaurus and Triceratops and also with the fearsome killer Tyrannosaurus. The presence of two smaller, less developed pachycephalosaurids, Dracorex and Stygimoloch, leads paleontologists to think that these species may actually represent growth stages of Pachycephalosaurus instead of separate taxa.";""
"pachyrhinosaurus";"Pachyrhinosaurus (Pack-ee-rine-oh-sore-us), the “thick-nosed lizard” is a genus of ceratopsian dinosaur from the Late Cretaceous of North America. The species in front of you, P. lakustai, hails specifically from Western Canada. This large herbivore is most famous for its unique facial ornament, known as a boss. Even in the age of the dinosaurs, some parts of our planet got quite cold! In Pachyrhinosaurus, we see a variety of bone growth rates that suggest this animal was endothermic (warm-blooded) and grew faster in the warm seasons than in the cold seasons, much like modern animals adapted to endure harsh winters. The species Pachyrhinosaurus perotorum is known from Alaska, making it the northernmost ceratopsid dinosaur. Pachyrhinosaurus lakustai is known from the Wapiti Formation in Canada, which yields fossils from the Late Cretaceous. These same rocks also hold fossils of Albertosaurus, Edmontosaurus, a dromaeosaur, and more. How we view the lives of dinosaurs like Pachyrhinosaurus is sure to change in the coming decades, because there are many questions fossils have yet to answer. Did these animals migrate? What other dinosaurs lived alongside them? What did they look like? How did they survive cold winters? There are numerous theories regarding these questions, but time will tell if any are supported or rejected by the newest fossil evidence.";""
"parasaurolophus";"Parasaurolophus, the ""Near Crested Lizard,"" was a very nasally ornithopod, making it an odd but well-liked dinosaur in the eyes of its adoring fans. With an estimated length of nine and a half meters and a maximum height of three-to-four meters, it was a heavily-built dinosaur that could switch between bipedal and quadrupedal postures at will. Its odd crest is a point of interest to fans and scientists alike, with multiple hypothesized functions. For both sexes, the crest likely acted as a sign of recognition between members of herds. For males specifically, though, it was probably for attracting potential mates. Its crest may also have helped with thermoregulation, depending on if there was a flap of skin connecting the crest to the head or not. It may have also served as a resonating chamber used for producing loud and low bellows, which could alert all members of a herd to danger. Roaming North America during the Cretaceous, Parasaurolophus lived along fellow herbivores like Corythosaurus and carnivores like Gorgosaurus. It grinded plants in a chewing-like motion, with its beak cropping plant matter while its cheeks holding it firmly in its mouth. Parasaurolophus fed upon plants of varying heights due to its range of postures.";""
"phorusrhacos";"Phorusrhacos, the ""Rag-Thief"" or ""Wrinkle Bearer,"" is a ""terror bird"" that is only known from partial fossils. Its approximate size is estimated to be two and a half meters tall, since with only fragmentary evidence its size cannot be said for certain. The meaning of its name describes the ""wrinkled"" curve of its lower jaw. Like other terror birds, it had a massive hooked beak that was built for consuming meat. How it hunted is unknown, but it almost certainly feasted on small mammals. It may have used its beak or sharp claws to deal blows on their unfortunate prey, or repeatedly beat their poor victims against the ground like their modern relatives seriemas. During the start of its reign in Miocene Argentina, Phorusrhacos ruled grasslands and woodlands, stalking around in the search for food around the hills that would eventually become the Andes Mountains. It lived alongside four other terror birds, so they must have evolved to hunt different prey - otherwise, they undoubtedly would have fought with one another. Although a fearsome predator, the Phorusrhacos went extinct before the Miocene Epoch ended, and at present it is not known why. Until further research is done or new fossils are discovered, it will continue to be another mystery paleontology is working to solve.";""
"platybelodon";"Platybelodon, the ""Flat-Speared Tusk,"" certainly attracts attention with its intriguing incisors! Platybelodon stood around two meters tall, approximately the same size as modern Asian elephants. However, coming from the Gomphoteriidae family, it is not a true elephant (no matter how much it looks like an awkward cousin with an underbite). Both elephants and gomphotheres tend to have the iconic trunks and tusks on their upper jaws; their lower jaws are where their differences are the most obvious. Platybelodon's lower jaw is broad, flat, and long like a shovel, and originally it was thought that it used this shovel-jaw to scoop up aquatic vegetation in swamps. Nowadays, scientists think that the sharp, flat teeth at the end of the jaw made a good surface for scraping bark and sawing branches off of trees. This proud proboscidean lived in the grassy Neogene savannas of Africa and Asia, where it sought out enough vegetation to sustain its large body. Like its modern relatives, Platybelodon likely had few predators. However, some Platybelodon bones are preserved with bite marks from the giant shark Otodus megalodon! These bite marks indicate that either their carcasses washed out to sea and were scavenged or that they occassionally went for dangerous dips in the ocean.";""
"plesiosaurus";"Plesiosaurus, the ""Near Lizard,"" was a small aquatic reptile at less than four meters long. The first complete fossil was found by the first female paleontologist, Mary Anning. Its family Plesiosauridae is characterized by having a small head mounted on a long neck and four fins on a body with a stubby little tail. Sound familiar? Because the Loch Ness Monster is said to have similar features, it is commonly believed to be a Plesiosaurus. However, although Plesiosaurus lived in the prehistoric UK, it died out in the Jurassic Period, which means there is no chance that any could have survived in the Loch for over a hundred million years. Plesiosaurus lived in open ocean, using is four paddle-like fins to propel itself in chase of fish and cephalopod prey. It may not have been able to smell underwater, so it would have had to rely on other senses to find food. Contrary to popular belief, Plesiosaurus and its relatives did not crawl on land to lay eggs, so they won't be building sandcastles anytime soon. Instead, it remained in the water to give birth to live young. Paleontologists learned this from a remarkable fossil of the plesiosaur Polycotylus, which displays the bones of an adult and its single developing infant.";""
"postosuchus";"While the Late Triassic is famously heralded as the time of the rise of the dinosaurs, non-dinosaurian predators were still quite common and successful during the time. Postosuchus kirkpaticki, a species of rauisuchid archosaur, is one example of this. While it exhibited many traits familiar to other pseudosuchians such as osteoderms on its neck and back, it also mirrored the dinosaurs by likely being bipedal. The tropical environment of Late Triassic North America allowed Postosuchus to become one of the largest carnivorous reptiles of its time - over half as tall as the average person - with fine-tuned senses such as sight and smell.";""
"protoceratops";"Protoceratops (Prow-tow-seh-rah-tops), literally “first horned face” has made its way into many a dinosaur encyclopedia under the guise of just that: a primitive ancestor to the larger, more advanced ceratopsians. However, as it lived around the same time of many of its so-called descendants, this explanation has lost its credence. There’s no shortage of Protoceratops fossils in their home range of China and Mongolia, from eggs to juveniles to adults. We even see some spectacular interspecific interactions, from death duels with Velociraptor to insect boreholes in the flesh and bones. Spectacular for us, that is - I doubt the dinosaurs enjoyed it much. P. andrewsi, the species in front of you, is known specifically from the Djadochta (Juh-duck-ta) Formation in Mongolia, which had a hot semi-arid climate during the Campanian stage of the Late Cretaceous. This is similar to the modern climate of the Gobi Desert. Some animals that shared this environment include Citipati, Velociraptor, and Udanoceratops. Some paleontologists suggest Protoceratops may have evaded the desert heat by digging small burrows. If this is true, it wouldn’t be the only example of a digging dinosaur! The thescelosaur Oryctodromeus was preserved inside a burrow it presumably dug, and fossils of Protoceratops appearing rapidly buried in sand may have suffered the same fate.";""
"psittacosaurus";"Psittacosaurus (Sit-tac-oh-sore-us), the “parrot lizard” named for its large, strong beak, is a well-known genus of early ceratopsian dinosaur, related to animals like Protoceratops and Triceratops. Hundreds of fossils, representing a wide age range, have been found spanning Early Cretaceous fossil deposits in East Asia, most famously China and Russia. The appearance of the animal in front of you is largely based on a fossil from the Yixian (Ee-syan) Formation of China, which preserves bristle-like (non-feathery) structures on the tail, the pigments in the skin, and even a belly button! This specimen, referred to as SMF R 4970, is used to inform many of the modern reconstructions of Psittacosaurus. The massive volume of individual Psittacosaurus known from the fossil record means many specimens can tell us about the relationships this dinosaur had with other species and its own kind. For example, finds of a mixed-age group of Psittacosaurus suggest they formed social groups after leaving the nest, but reasons behind this are unclear. Furthermore, the discovery of a juvenile Psittacosaurus in the stomach of the mammal Repenomamus suggests other dinosaurs weren’t the only predators this small biped had to worry about. Another specimen, preserving a Repenomamus and adult Psittacosaurus locked in combat, suggest adults wouldn’t go down without a fight. As a common animal in the Yixian Formation, Psittacosaurus shared its subtropical-temperate environment with Confuciusornis, Yutyrannus, Repenomamus, and the plant Ephedra, among many others.";""
"pteranodon";"Pteranodon, the ""Toothless Wing,"" is a very well-known genus of pterosaur due to a lot of representation in both the fossil record and several popular movies and television shows. Showing a great degree of sexual dimorphism, Pteranodon is a fascinating prehistoric flying reptile. Males grew to over six meters from wingtip to wingtip and had a very large crest; females were smaller with wingspans that didn't quite reach four meters and shorter, rounder crests. Though traditionally the crest was thought to be used as a rudder when flying, the range of sizes of crests across the sexes means it likely was not used for anything other than mating displays. During the late Cretaceous Period, the center of the United States was an underwater paradise known as the Western Interior Seaway, which was a small sea full of tasty creatures for Pteranodon to feast on. Its diet likely consisted of only fish, but at least there were plenty of fish in the sea for every pterosaur. Pteranodon probably fished by sitting on the water and plunging their long beaks into the waves, but may have also been able to dive into the water to make spectacular catches. On land, these creatures walked on all-fours with their wings folded so that their small hands could reach the ground.";""
"quagga";"The quagga, whose name is onomatopoeia for the sound it made, is an extinct subspecies of zebra. They diverged from zebra during the Pleistocene Epoch, with quaggas developing a different coat pattern than zebras. They were partially covered by brown and white stripes, with a brown body and white legs. They were two and a half meters long and almost a meter and a half tall at the shoulder. Quaggas were lively equids, but unfortunately they were easy to kill, which lead to their untimely extinction at the hands of humans in 1878. They were prized for their meat and their skins, which were used for trading. Found in South Africa until their unfortunate extinction, quaggas lived in grasslands in mutually beneficial relationships with wildebeast and ostriches. They roamed in herds that could contain between 30 and 50 animals, grazing on the abundant grass. In 1987, a breeding project was started in South Africa with the intent to selectively breed zebras until they develop a quagga-like pattern. Once a population has been created, these pseudo-quaggas will be reintroduced into the wild even though their genetic code will be different. Foals in the current generation of the project are quickly losing their stripes and starting to resemble the extinct quagga more and more.";""
"quetzalcoatlus";"Quetzalcoatlus (ket-zal-koh-at-lus) is the largest known pterosaur, named after the Aztec feathered serpent deity Quetzalcoatl. It hails from the Late Cretaceous of the Javelina (Ha-vuh-lee-nah) Formation of Texas, USA. It is most famous for its extreme size, but the fragmentary nature of the type specimen makes calculating an exact size difficult. The discovery of a smaller, related species in 2021 from better fossil material has made Quetzalcoatlus’ reconstructions more accurate today than ever before. Quetzalcoatlus is part of a family of pterosaurs called azhdarchids, which encompasses other giants like Hatzegopteryx and Arambourgiania. Their distribution across the planet suggests giant pterosaurs may have had a worldwide range during the Late Cretaceous. While the exact diet of Quetzalcoatlus northropi (the animal in front of you) is still a mystery, it was most certainly a carnivore, and unlikely to be a strict piscivore or scavenger. The smaller species Q. lawsoni may have been a probe-feeder like modern sandpipers, using its long beak to take invertebrates from deep sand. Quetzalcoatlus northropi lived fittingly alongside the giant sauropod Alamosaurus and the giant ceratopsid Torosaurus. Despite the few fossils known from this species, it’s been beloved by millions since before it was even named. Hopefully, future discoveries of these giants will continue to shake the earth!";""
"sarcosuchus";"Sarcosuchus, the ""Flesh Crocodile,"" puts the modern saltwater crocodile to shame. At an unbelievable twelve meters long, Sarcosuchus was one of the largest crocodile to ever live. It achieved this immense size by growing rapidly, spending less time as a vulnerable smallfry. It had a very toothy grin, with 132 teeth per animal, and no doubt had a wicked offensive system. For defense, Sarcosuchus' back was adorned with a complete covering of osteoderms. This kept it protected while it floated on the surface of the water in search of food. If its land-living prey decided to fight back against this wide maw of certain death, the osteoderms would without doubt have deflected it. Living in the Cretaceous freshwater tropical paradise that is now the Sahara Desert, Sarcosuchus had a veritable buffet set out before it. Among the most common species that it coexisted with were iguanodontids and species of coelacanth, which would have often been on the menu. However, it has been suggested that Sarcosuchus could not death roll like modern crocodylians can, so how it ate is still a mystery. It's safe to say, though, that no matter how this creature ate, you would not want to find yourself face-to-teeth with it.";""
"scotoharpes";"Scotoharps (Sko-toe-harp-ees) is a small Harpetid trilobite with a near-global range – this species in particular, Scotoharpes spasski comes from the Mid-Ordovician of Russia. Like many of its relatives, Scotoharpes is best known for large brim around their cephalon, or head, which may have served a role in feeding. Perhaps they were using this cephalon to dig through mud, passing particulates through their gills to catch small pieces of food. Its also possible this cephalon may have been used for defense or even combat between individuals, similarly to modern invertebrates. The small eyes of Scotoharpes mean it might not have relied too much on sight, and instead felt the world around it using its antenna. Outside of this, very little is known about the Harpetid trilobites – perhaps now that you have brought one back, you can help fill some gaps in the research?";""
"smilodon";"Smilodon, the ""Knife Tooth,"" is commonly referred to as the saber-toothed tiger despite its very distant relations to tigers. It was a very robust feline, with the largest species (Smilodon populator) weighing in at a whopping four hundred kilograms. It stood around 120 centimeters tall, which is comparable to the height of a tiger. Its iconic canines were 28 centimeters long and relatively fragile; they could not be used to take down prey but were rather used to deliver the killing bite to the throat. This, and the fact that their powerful bodies were built for jumping, makes Smilodon into a highly efficient killing machine. All species of Smilodon lived in the Pleistocene Epoch, covering a territory that stretched from North to South America. They likely hunted in packs, working together to bring down large mammals in forest and bush environments. Their proficiency in jumping means that they may have been ambush predators like many modern big cats. However, although apex predators, Smilodon faced several threats. Ravenous cave lions and dire wolves competed with Smilodon for the same resources, and confrontations were certain. They also fell victim to the infamous tar pits, such as the ones in La Brea, California.";""
"spinosaurus";"Spinosaurus, the ""Spine Lizard,"" is the subject of a heated debate in the scientific community. One thing that is not debated, though, is the sheer size of the monstrosity - with a length of over fifteen meters and a sail height of over one and a half meters, Spinosaurus was quite possibly the biggest terrestrial carnivore to ever live. Prior to 2014, Spinosaurus was thought to have a fairly normal theropod body, with its body resting on top of long legs. However, a 2014 study claimed that Spinosaurus had short hind legs and walked on all fours. This quadrupedal model set the paleontology world reeling. While some people accept this model, most are not ready to accept such a drastic revision based on the fossils and simply reconstruct it with shorter legs and a longer torso. Despite the controversy over its anatomy, there is still much that scientists agree on. Spinosaurus lived during the Cretaceous Period in what is now Northern Africa. Its environment was very wet, and it spent a great deal of time in the water. A proficient hunter, Spinosaurus posed a huge threat to every creature that dared to near it. Its dangerous jaws, over a meter long, could handle all manners of prey. It also was likely very opportunistic, never passing up the chance for an easy catch or scavenged carcass.";""
"stegosaurus";"Stegosaurus, the ""Roofed Lizard,"" is the most famous member of the Stegosauridae family, which is known for its unique body armor consisting of plates and spines. Stegosaurus is also the largest in its family at almost nine meters long and four meters tall. Originally depicted with its plates laying flat on its back like roof tiles, the famous plates of the Stegosaurus stood up on its back in two offset rows. The purpose of these plates is still debated, but they were likely for sexual display, thermoregulation, or intimidation. The spikes on its tail are known as ""thagomizers,"" a name popularized by Gary Larson's Far Side comic. As its main source of defense, the tail could be swung with great force at foes, goring them with the sharp spikes. Living alongside Allosaurus in Late Jurassic United States and Portugal, Stegosaurus had good reason to have such a strong defensive system. It was one of Allosaurus's many food sources, so fighting back against the mighty predator was a necessity. It was successful, too; one Allosaurus fossil contains a puncture would that almost certainly came from a thagomizer. When it wasn't protecting itself, Stegosaurus travelled in herds eating low-level plants like mosses or fruit. Rearing on its hind legs would let it reach heights of up to six meters.";""
"sturgeon";"The name ""sturgeon"" refers to any fish in the family Acipenseridae. This family has existed since the upper Cretaceous Period and still continues to live today. Like other living fossils, these fish live long and mature late. With some species reaching lengths of seven meters, these bottom-feeders are quite large creatures. They mainly stick around river deltas and estuaries, but migrate upstream for spawning. Unlike other bony fishes, sturgeons have cartilaginous skeletons and are covered in skin adorned with bony scutes rather than scales. They have four barbels - sensory organs - preceding their mouths that they use to navigate by dragging them along the ground. Sturgeon feed upon shells, small fish, and crustaceans by using their mouths to suck the food up, but without teeth, they cannot seize prey. They often live to sixty years old (though some have been found over 100) and spawn for the first time around twenty; due to this, many species are under threat from overfishing and environmental pollution. As such, most of the sturgeon family is at risk of extinction, rendering them more endangered than any other family. Without ceasing illegal fishing, humans may see the end of the sturgeon come quicker than it should naturally.";""
"therizinosaurus";"Therizinosaurus, the ""Scythe lizard,"" was, surprisingly enough, likely a herbivore despite its intimidating exterior. With a maximum length of ten meters and a maximum height of four or five meters, this freakishly tall monstrosity possessed a terrifying defining feature: incredibly long claws that reached the length of a meter. These claws likely provided ample protection from the ferocious predators that dared to prey upon Therizinosaurus. As the last and largest of the therizinosaurs, this odd animal roamed the lands only a few million years before the large dinosaurs disappeared from the Earth. Because of that, it serves as the poster-child for its family, Therizinosauridae. Roaming what is now modern Mongolia, Therizinosaurus was among other odd herbivores and carnivores in scrublands near deserts. However, sometimes dense rainforests with plentiful plantlife and a variety of trees provided a suitable habitat and wealth of food to Therizinosaurus. Its monstruous claws were used to reach branches and leaves and pull them to its mouth. It may have competed with its relative Deinocheirus for food, though this would likely have been more of an issue in the desert than the rainforest.";""
"tiktaalik";"Tiktaalik, named for the Inukitut word for burbots, is the epitome of a ""transitional fossil,"" or a specimen that shows features from its ancestors and its descendants. Tiktaalik in particular shows the transition between fish and terrestrial tetrapods. This one-point-eight meter long fish has normal ""fishy"" features, like scales and gills, but also sports lungs, wrists, and other features of four-legged animals. The evolution of limbs with wrists was significant, because it allowed animals like Tiktaalik and their decendents to prop themselves up in shallow water and eventually crawl onto land. If this never happened, animal life might still be stuck in the ocean! Tiktaalik lived in the shallow waters of the Devonian Period in Canada, which was almost centered on the Equator at the time. Its head was very similar to that of a crocodile; flat with eyes raised to the top of the skull. The combination of its raised eyes, sharp teeth, and supportive limbs would have made it an effective predator, able to rest on the beds of waterways watching unsuspecting prey float past. Small fish would have been attracted to the shallows due to the large amount of leaves dropping off the new deciduous plants, making them the perfect place for a predator like Tiktaalik to lurk.";""
"titanis";"Titanis, the ""Titan,"" was named for giant Greek gods that preceded the Olympians; a fitting title for a bird this immense. Titanis stood at just under two meters tall, taller than the average human but shorter than other ""terror birds"" like its relative Phorusrhacos. However, despite its ""small"" stature, Titanis was more heavily built, with a shorter but thicker neck. It was made for speed; its two long, muscular legs more than made up for the fact that it was completely flightless. In fact, it had the smallest of any phorusrhacid, but that didn't stop it from being a fearsome predator. Titanis lived in North America for over three million years, lasting from the Blancan to the Gelasian stage of the Pleistocene Epoch. It is the only known terror bird to leave South America, migrating north to roam the plains of North America. Likely a carnivore, Titanis was always in search of prey. It was a devastating hunter; some experts theorize that it used its powerful head to smash small prey on the ground until they died, similar to how seriemas kill their prey. For larger prey, it's axe-like beak had the potential to viciously rip apart chunks of flesh.";""
"triceratops";"Triceratops, the ""Three Horned Face,"" is a dinosaur of particular interest, being widely represented in both entertainment and in the fossil record. Its stout, powerful body reached lengths of nine meters and heights of three meters. Triceratops was a force of nature few reckoned with, emblazoned with its mighty frill and horns. These iconic ornaments grew as it reached maturity. Triceratops are commonly depicted using their headgear as weapons, but recent theories that note the presence of blood vessels in the skulls suggest that the frill was most likely used for courtship. Triceratops shared the warm North American climates of the Maastrichtian age of the Cretaceous with fearsome foes like the Tyrannosaurus. In the event of a confrontation, its horns could be used to ward off or gore opponents into submission. It lived in relative harmony with other herbivores during its reign before the mass extinction at the end of the Cretaceous. It browsed low-hanging vegetation with its beak lined with rows of teeth, which sheared leaves off fibrous plants like palms, ferns, and cycads. Due to the large amount of Triceratops fossils that have been found, it is safe to say that Triceratops was one of, if not the, most common herbivores of the Period.";""
"tyrannosaurus";"Tyrannosaurus rex, the ""Tyrant Lizard King,"" is the most famous dinosaur in existence, being represented in art, literature, entertainment, etc. With a maximum length exceeding twelve meters and a height of over three meters, this creature towered over humans and many other animals as well. Its growth started and ended slowly, but Tyrannosaurus experienced a growth spurt during its teenage years. The result was the giant creature known and loved today. However, like many other tyrannosaurs, Tyrannosaurus died shortly after reaching maturity and their infants often died naturally in the volatile world of the Cretaceous. Living in the Maastrichtian age, just before the extinction of the dinosaurs in the Cretaceous, Tyrannosaurus was among the last great non-avian dinosaurs to roam the Earth. In fact, it is the last known member of its family Tyrannosauridae. It lived across what is now North America in warm and humid climates alongside a plethora of herbivorous animals and small theropods. It commonly preyed upon famous herbivores such as Triceratops and Edmontosaurus. Its hollow bones allowed it to move quickly and its robust, blade-like teeth permitted it to rip into prey, mutilating any allegations that it may be a simple scavenger.";""
"velociraptor";"Velociraptor, the ""Speedy Thief,"" is an insanely popular dinosaur due to its star status in popular movies. However, the real Velociraptor is very different from the man-sized, scaly monsters depicted by Hollywood. True Velociraptors were unimposingly small, only two meters long and one and a half meters tall. They also had feathers, like a bird. Functionally, these feathers likely helped to attract potential mates, cover nests while brooding, increase speed while running uphill, and maintain balance while hunting. Discovered in modern day Mongolia, the Velociraptor lived in arid environments consisting of mainly sand dunes. It lived during the late Cretaceous Period but disappeared before the mass extinction that killed the dinosaurs. During its tenure on Earth, the Velociraptor scoured the deserts for vulnerable prey, such as its famous adversary, Protoceratops. It hunted and killed small prey with a method called ""raptor prey restraint,"" in which it attacked the prey, pinned it down, and started to eat it alive. The ""RPR"" method helps to explain the purpose of the iconic dromeosaur sickle-claws: holding on! Another possible use for these claws may have been climbing trees, which would certainly mean some poor animals experienced death from above.";""
"walliserops";"Walliserops (Wall-eye-ser-ops) is a unique phacopid trilobite, best known for the three-pronged horn at the front of its head. This species, Walliserops trifurcatus, is known from the Devonian of Morocco, a place renowned for its amazingly detailed trilobite fossils. The “trident” of Walliserops is a protrusion of its glabella, a round feature found on the cephalon, or head, of trilobites, and likely worked just like a real trident – as a weapon. Similar to rhinoceros beetles, it is believed Walliserops would use this trident to joust with others of their species, perhaps with the goal of flipping their opponent over to secure victory and probable mating rights. It is possible this horn is sexually dimorphic, with two different shapes being shown in the fossil record, but this is difficult to prove. Suffice to say, Walliserops is one of the most unique trilobites and, now that you have one swimming around, it is sure to be a prized attraction!";""
