"Key";"Source";"Translation";"Context"
"item.fossil.amber";"Amber";"Kehribar";""
"item.fossil.ancient_clock";"Ancient Clock";"Antik Saat";""
"item.fossil.ancient_key";"Ancient Key";"Antik Anahtar";""
"item.fossil.ancient_helmet";"Ancient Helmet";"Antik Kask";""
"item.fossil.ancient_sword";"Ancient Sword";"Antik Kılıç";""
"item.fossil.artificial_honeycomb";"Artificial Honeycomb";"Yapay Balmumu";""
"item.fossil.artificial_honeycomb.desc";"Spawns a baby bee when used on a beehive";"Arı yuvasıına kullanıldığında bebek bir arı doğsun";""
"item.fossil.berry_crataegus";"Crataegus Berries";"Crataegus Yemişleri";""
"item.fossil.berry_ephedra";"Ephedra Berries";"Ephedra Yemişleri";""
"item.fossil.berry_vaccinium";"Vaccinium Berries";"Vaccinium Yemişleri";""
"item.fossil.bio_goo";"Bio Goo";"Biyo Bulamaç";""
"item.fossil.bone_helmet";"Bone Helmet";"Kemik Kask";""
"item.fossil.bone_chestplate";"Bone Chestplate";"Kemik Göğüslük";""
"item.fossil.bone_leggings";"Bone Leggings";"Kemik Pantalon";""
"item.fossil.bone_boots";"Bone Boots";"Kemik Çizmeler";""
"item.fossil.bone_arm";"%s Arm Bone";"%s Kol kemiği";"Keep the variable %s. It will be replaced with the translated name of the mob"
"item.fossil.bone_foot";"%s Foot";"%s Ayağı";"Keep the variable %s. It will be replaced with the translated name of the mob"
"item.fossil.bone_leg";"%s Leg Bone";"%s Bacak kemiği";"Keep the variable %s. It will be replaced with the translated name of the mob"
"item.fossil.bone_ribcage";"%s Ribcage";"%s Göğüs kafesi";"Keep the variable %s. It will be replaced with the translated name of the mob"
"item.fossil.bone_skull";"%s Skull";"%s Kafatası";"Keep the variable %s. It will be replaced with the translated name of the mob"
"item.fossil.bone_tail";"%s Tail Bone";"%s Kuyruk Kemiği";"Keep the variable %s. It will be replaced with the translated name of the mob"
"item.fossil.bone_vertebrae";"%s Vertebrae";"%s Omurgası";"Keep the variable %s. It will be replaced with the translated name of the mob"
"item.fossil.bone_unique_allosaurus";"%s Claw";"%s Pençesi";"Keep the variable %s. It will be replaced with the translation of entity.fossil.allosaurus"
"item.fossil.bone_unique_ankylosaurus";"%s Plates";"%s Plakaları";"Keep the variable %s. It will be replaced with the translation of entity.fossil.ankylosaurus"
"item.fossil.bone_unique_brachiosaurus";"%s Claw";"%s Pençesi";"Keep the variable %s. It will be replaced with the translation of entity.fossil.brachiosaurus"
"item.fossil.bone_unique_ceratosaurus";"%s Tooth";"%s Dişleri";"Keep the variable %s. It will be replaced with the translation of entity.fossil.ceratosaurus"
"item.fossil.bone_unique_citipati";"%s Claws";"%s Pençeleri";"Keep the variable %s. It will be replaced with the translation of entity.fossil.citipati"
"item.fossil.bone_unique_compsognathus";"%s Claws";"%s Pençeleri";"Keep the variable %s. It will be replaced with the translation of entity.fossil.compsognathus"
"item.fossil.bone_unique_confuciusornis";"%s Claws";"%s Pençeleri";"Keep the variable %s. It will be replaced with the translation of entity.fossil.confuciusornis"
"item.fossil.bone_unique_crassigyrinus";"%s Fin";"%s Yüzgeci";"Keep the variable %s. It will be replaced with the translation of entity.fossil.crassigyrinus"
"item.fossil.bone_unique_deinonychus";"%s Claw";"%s Pençesi";"Keep the variable %s. It will be replaced with the translation of entity.fossil.deinonychus"
"item.fossil.bone_unique_dimetrodon";"%s Sail";"%s Sırt Yüzgeci";"Keep the variable %s. It will be replaced with the translation of entity.fossil.dimetrodon"
"item.fossil.bone_unique_dimorphodon";"%s Finger";"%s Parmağı";"Keep the variable %s. It will be replaced with the translation of entity.fossil.dimorphodon"
"item.fossil.bone_unique_dilophosaurus";"%s Tooth";"%s Dişleri";"Keep the variable %s. It will be replaced with the translation of entity.fossil.dilophosaurus"
"item.fossil.bone_unique_diplocaulus";"%s Fin";"%s Yüzgeçleri";"Keep the variable %s. It will be replaced with the translation of entity.fossil.diplocaulus"
"item.fossil.bone_unique_diplodocus";"%s Claw";"%s Pençesi";"Keep the variable %s. It will be replaced with the translation of entity.fossil.diplodocus"
"item.fossil.bone_unique_dodo";"%s Wing";"%s Kanadı";"Keep the variable %s. It will be replaced with the translation of entity.fossil.dodo"
"item.fossil.bone_unique_dryosaurus";"%s Tooth";"%s Dişleri";"Keep the variable %s. It will be replaced with the translation of entity.fossil.dryosaurus"
"item.fossil.bone_unique_edaphosaurus";"%s Sail";"%s Sırt Yüzgeci";"Keep the variable %s. It will be replaced with the translation of entity.fossil.edaphosaurus"
"item.fossil.bone_unique_elasmotherium";"%s Horn";"%s Boynuzu";"Keep the variable %s. It will be replaced with the translation of entity.fossil.elasmotherium"
"item.fossil.bone_unique_gallimimus";"%s Claws";"%s Pençeleri";"Keep the variable %s. It will be replaced with the translation of entity.fossil.gallimimus"
"item.fossil.bone_unique_gastornis";"%s Wing";"%s Kanadı";"Keep the variable %s. It will be replaced with the translation of entity.fossil.gastornis"
"item.fossil.bone_unique_henodus";"%s Shell";"%s Kabuğu";"Keep the variable %s. It will be replaced with the translation of entity.fossil.henodus"
"item.fossil.bone_unique_ichthyosaurus";"%s Scleretic Ring";"%s Göz Halkası";"Keep the variable %s. It will be replaced with the translation of entity.fossil.ichthyosaurus"
"item.fossil.bone_unique_kelenken";"%s Wing";"%s Kanadı";"Keep the variable %s. It will be replaced with the translation of entity.fossil.kelenken"
"item.fossil.bone_unique_liopleurodon";"%s Tooth";"%s Dişleri";"Keep the variable %s. It will be replaced with the translation of entity.fossil.liopleurodon"
"item.fossil.bone_unique_mammoth";"%s Tusk";"%s Fildişi";"Keep the variable %s. It will be replaced with the translation of entity.fossil.mammoth"
"item.fossil.bone_unique_megalania";"%s Claw";"%s Pençesi";"Keep the variable %s. It will be replaced with the translation of entity.fossil.megalania"
"item.fossil.bone_unique_megaloceros";"%s Antler";"%s Boynuzu";"Keep the variable %s. It will be replaced with the translation of entity.fossil.megaloceros"
"item.fossil.bone_unique_megalodon";"%s Tooth";"%s Dişleri";"Keep the variable %s. It will be replaced with the translation of entity.fossil.megalodon"
"item.fossil.bone_unique_mosasaurus";"%s Tooth";"%s Dişleri";"Keep the variable %s. It will be replaced with the translation of entity.fossil.mosasaurus"
"item.fossil.bone_unique_ornitholestes";"%s Claws";"%s Pençeleri";"Keep the variable %s. It will be replaced with the translation of entity.fossil.ornitholestes"
"item.fossil.bone_unique_pachycephalosaurus";"%s Tooth";"%s Dişleri";"Keep the variable %s. It will be replaced with the translation of entity.fossil.pachycephalosaurus"
"item.fossil.bone_unique_pachyrhinosaurus";"%s Boss";"%s Kemik Yumrusu";"Keep the variable %s. It will be replaced with the translation of entity.fossil.pachyrhinosaurus"
"item.fossil.bone_unique_parasaurolophus";"%s Hoof";"%s Toynağı";"Keep the variable %s. It will be replaced with the translation of entity.fossil.parasaurolophus"
"item.fossil.bone_unique_phorusrhacos";"%s Wing";"%s Kanadı";"Keep the variable %s. It will be replaced with the translation of entity.fossil.phorusrhacos"
"item.fossil.bone_unique_platybelodon";"%s Tusk";"%s Fildişi";"Keep the variable %s. It will be replaced with the translation of entity.fossil.platybelodon"
"item.fossil.bone_unique_plesiosaurus";"%s Tooth";"%s Dişleri";"Keep the variable %s. It will be replaced with the translation of entity.fossil.plesiosaurus"
"item.fossil.bone_unique_postosuchus";"%s Hand";"%s El Kemiği";"Keep the variable %s. It will be replaced with the translation of entity.fossil.postosuchus"
"item.fossil.bone_unique_protoceratops";"%s Tooth";"%s Dişleri";"Keep the variable %s. It will be replaced with the translation of entity.fossil.protoceratops"
"item.fossil.bone_unique_psittacosaurus";"%s Horn";"%s Boynuzu";"Keep the variable %s. It will be replaced with the translation of entity.fossil.psittacosaurus"
"item.fossil.bone_unique_pteranodon";"%s Wing";"%s Kanadı";"Keep the variable %s. It will be replaced with the translation of entity.fossil.pteranodon"
"item.fossil.bone_unique_quagga";"%s Tooth";"%s Dişleri";"Keep the variable %s. It will be replaced with the translation of entity.fossil.quagga"
"item.fossil.bone_unique_quetzalcoatlus";"%s Wing";"%s Kanadı";"Keep the variable %s. It will be replaced with the translation of entity.fossil.quetzalcoatlus"
"item.fossil.bone_unique_sarcosuchus";"%s Tooth";"%s Dişleri";"Keep the variable %s. It will be replaced with the translation of entity.fossil.sarcosuchus"
"item.fossil.bone_unique_smilodon";"%s Fang";"%s Kılıçdişi";"Keep the variable %s. It will be replaced with the translation of entity.fossil.smilodon"
"item.fossil.bone_unique_spinosaurus";"%s Tooth";"%s Dişleri";"Keep the variable %s. It will be replaced with the translation of entity.fossil.spinosaurus"
"item.fossil.bone_unique_stegosaurus";"%s Plates";"%s Plakaları";"Keep the variable %s. It will be replaced with the translation of entity.fossil.stegosaurus"
"item.fossil.bone_unique_therizinosaurus";"%s Claws";"%s Pençeleri";"Keep the variable %s. It will be replaced with the translation of entity.fossil.therizinosaurus"
"item.fossil.bone_unique_tiktaalik";"%s Fin";"%s Yüzgeci";"Keep the variable %s. It will be replaced with the translation of entity.fossil.tiktaalik"
"item.fossil.bone_unique_titanis";"%s Wing";"%s Kanadı";"Keep the variable %s. It will be replaced with the translation of entity.fossil.titanis"
"item.fossil.bone_unique_triceratops";"%s Horn";"%s Boynuzu";"Keep the variable %s. It will be replaced with the translation of entity.fossil.triceratops"
"item.fossil.bone_unique_tyrannosaurus";"%s Tooth";"%s Dişleri";"Keep the variable %s. It will be replaced with the translation of entity.fossil.tyrannosaurus"
"item.fossil.bone_unique_velociraptor";"%s Claw";"%s Pençesi";"Keep the variable %s. It will be replaced with the translation of entity.fossil.velociraptor"
"item.fossil.broken_helmet";"Broken Ancient Helmet";"Kırık Antik Kask";""
"item.fossil.broken_sword";"Broken Ancient Sword";"Kırık Antik Kılıç";""
"item.fossil.bucket_item_alligator_gar";"Bucket of Alligator Gar";"Timsah Zargana Kovası";""
"item.fossil.bucket_item_aquilolamna";"Bucket of Aquilolamna";"Kartal Köpekbalığı Kovası";""
"item.fossil.bucket_item_coelacanth";"Bucket of Coelacanth";"Sölekant Kovası";""
"item.fossil.bucket_item_crassigyrinus";"Bucket of Crassigyrinus";"Crassigyrinus Kovası";""
"item.fossil.bucket_item_dicranurus";"Bucket of Dicranurus";"Dicranurus Kovası";""
"item.fossil.bucket_item_diplocaulus";"Bucket of Diplocaulus";"Diplocaulus Kovası";""
"item.fossil.bucket_item_henodus";"Bucket of Henodus";"Henodus Kovası";""
"item.fossil.bucket_item_ichthyosaurus";"Bucket of Ichthyosaurus";"İhtiyozor Kovası";""
"item.fossil.bucket_item_lonchodomas";"Bucket of Lonchodomas";"Lonchodomas Kovası";""
"item.fossil.bucket_item_megalograptus";"Bucket of Megalograptus";"Megalograptus Kovası";""
"item.fossil.bucket_item_nautilus";"Bucket of Nautilus";"Notilus Kovası";""
"item.fossil.bucket_item_plesiosaurus";"Bucket of Plesiosaurus";"Plesiyozor Kovası";""
"item.fossil.bucket_item_scotoharpes";"Bucket of Scotoharpes";"Scotoharpes Kovası";""
"item.fossil.bucket_item_sturgeon";"Bucket of Sturgeon";"Mersin Balığı Kovası";""
"item.fossil.bucket_item_tiktaalik";"Bucket of Tiktaalik";"Tiktaalik Kovası";""
"item.fossil.bucket_item_walliserops";"Bucket of Walliserops";"Walliserops Kovası";""
"item.fossil.chicken_soup_raw";"Raw Chicken Soup";"Pişmemiş Tavuk Çorbası";""
"item.fossil.chicken_soup_cooked";"Cooked Chicken Soup";"Tavuk Çorbası";""
"item.fossil.cooked_egg";"Cooked Egg";"Pişmiş Yumurta";""
"item.fossil.cooked_nautilus";"Sio-Chiu-Le";"Sio-Chiu-Le";""
"item.fossil.dinopedia";"Dinopedia";"Dinopedi";""
"item.fossil.cooked_meat";"Cooked %s Meat";"Pişmiş %s Eti";"Keep the variable %s. It will be replaced with the translated name of the mob"
"item.fossil.meat";"Raw %s Meat";"Çiğ %s Eti";"Keep the variable %s. It will be replaced with the translated name of the mob"
"item.fossil.dna";"%s DNA";"%s DNA'sı";"Keep the variable %s. It will be replaced with the translated name of the mob"
"item.fossil.bird_egg";"%s Egg";"%s Yumurtası";"Keep the variable %s. It will be replaced with the translated name of the mob"
"item.fossil.bird_egg_cultivated";"Cultivated %s Egg";"%s Kültür Yumurtası";"Keep the variable %s. It will be replaced with the translated name of the mob"
"item.fossil.egg";"%s Egg";"%s Yumurtası";"Keep the variable %s. It will be replaced with the translated name of the mob"
"item.fossil.fish_egg";"%s Fish Egg";"%s Yüzer Yumurtası";"Keep the variable %s. It will be replaced with the translated name of the mob"
"item.fossil.sac";"%s Sac";"%s Kesesi";"Keep the variable %s. It will be replaced with the translated name of the mob"
"item.fossil.embryo";"%s Embryo";"%s Embriyo";"Keep the variable %s. It will be replaced with the translated name of the mob"
"item.fossil.essence_chicken";"Chicken Essence";"Tavuk Esansı";""
"item.fossil.essence_chicken.desc";"Can age a prehistoric animal if it's not too hungry";"Çok aç olmadığı müddetçe tarih öncesi bir canlıyı hızla büyütür";""
"item.fossil.essence_stunted";"Stunted Essence";"Durgunluk Esansı";""
"item.fossil.essence_stunted.desc";"Stunts prehistoric animal growth";"Tarih öncesi hayvanın büyümesini durdurur";""
"item.fossil.failuresaurus_flesh";"Failuresaurus Flesh";"Fiyaskosaurus eti";""
"item.fossil.fern_seed";"Ancient Fern Spores";"Antik Eğrelti Otu Sporları";""
"item.fossil.fossil_bio";"Bio Fossil";"Biyo Fosil";""
"item.fossil.fossil_plant";"Plant Fossil";"Bitki fosili";""
"item.fossil.fossil_shale";"Shale Fossil";"Şist Fosil";""
"item.fossil.fossil_tar";"Tar Fossil";"Katran fosili";""
"item.fossil.fossil_sapling_calamites";"Petrified Calamites Sapling";"Taşlaşmış Calamites Fidanı";""
"item.fossil.fossil_sapling_cordaites";"Petrified Cordaites Sapling";"Taşlaşmış Cordaites Fidanı";""
"item.fossil.fossil_sapling_palm";"Petrified Palm Sapling";"Taşlaşmış Palmiye Fidanı";""
"item.fossil.fossil_sapling_sigillaria";"Petrified Sigillaria Sapling";"Taşlaşmış Sigillaria Fidanı";""
"item.fossil.fossil_sapling_tempskya";"Petrified Tempskya Sapling";"Taşlaşmış Tempskya Fidanı";""
"item.fossil.fossil_seed_fern";"Fossilized Fern Spores";"Fosilleşmiş Eğrelti Otu Sporları";""
"item.fossil.fossil_seed_bennettitales";"Fossilized Bennettitales Seeds";"Fosilleşmiş Bennettitales Toğumları";""
"item.fossil.fossil_seed_cephalotaxus";"Fossilized Cephalotaxus Seeds";"Fosilleşmiş Cephalotaxu Toğumları";""
"item.fossil.fossil_seed_crataegus";"Fossilized Crataegus Seeds";"Fosilleşmiş Crataegus Toğumları";""
"item.fossil.fossil_seed_cyathea";"Fossilized Cyathea Seeds";"Fosilleşmiş Cyathea Toğumları";""
"item.fossil.fossil_seed_dictyophyllum";"Fossilized Dictyophyllum Seeds";"Fosilleşmiş Dictyophyllum Toğumları";""
"item.fossil.fossil_seed_dillhoffia";"Fossilized Dillhoffia Seeds";"Fosilleşmiş Dillhoffia Toğumları";""
"item.fossil.fossil_seed_dipteris";"Fossilized Dipteris Spores";"Fosilleşmiş Dipteris Sporları";""
"item.fossil.fossil_seed_duisbergia";"Fossilized Duisbergia Spores";"Fosilleşmiş Duisbergia Sporları";""
"item.fossil.fossil_seed_ephedra";"Fossilized Ephedra Seeds";"Fosilleşmiş Ephedra Toğumları";""
"item.fossil.fossil_seed_florissantia";"Fossilized Florissantia Seeds";"Fosilleşmiş Florissantia Toğumları";""
"item.fossil.fossil_seed_foozia";"Fossilized Foozia Spores";"Fosilleşmiş Foozia Sporları";""
"item.fossil.fossil_seed_horsetail";"Fossilized Horsetail Seeds";"Fosilleşmiş Atkuyruğu Toğumları";""
"item.fossil.fossil_seed_licopodiophyta";"Fossilized Licopodiophyta Seeds";"Fosilleşmiş Licopodiophyta Toğumları";""
"item.fossil.fossil_seed_osmunda";"Fossilized Osmunda Spores";"Fosilleşmiş Osmunda Sporları";""
"item.fossil.fossil_seed_sagenopteris";"Fossilized Sagenopteris Seeds";"Fosilleşmiş Sagenopteris Toğumları";""
"item.fossil.fossil_seed_sarracenia";"Fossilized Sarracenia Seeds";"Fosilleşmiş Sarracenia Toğumları";""
"item.fossil.fossil_seed_vaccinium";"Fossilized Vaccinium Seeds";"Fosilleşmiş Vaccinium Toğumları";""
"item.fossil.fossil_seed_welwitschia";"Fossilized Welwitschia Seeds";"Fosilleşmiş Welwitschia Toğumları";""
"item.fossil.fossil_seed_zamites";"Fossilized Zamites Seeds";"Fosilleşmiş Zamites Toğumları";""
"item.fossil.seed_bennettitales";"Bennettitales Seeds";"Bennettitales Toğumları";""
"item.fossil.seed_cephalotaxus";"Cephalotaxus Seeds";"Cephalotaxus Toğumları";""
"item.fossil.seed_crataegus";"Crataegus Seeds";"Crataegus Toğumları";""
"item.fossil.seed_cyathea";"Cyathea Seeds";"Cyathea Toğumları";""
"item.fossil.seed_dictyophyllum";"Dictyophyllum Seeds";"Dictyophyllum Toğumları";""
"item.fossil.seed_dillhoffia";"Dillhoffia Seeds";"Dillhoffia Toğumları";""
"item.fossil.seed_dipteris";"Dipteris Spores";"Dipteris Sporları";""
"item.fossil.seed_duisbergia";"Duisbergia Spores";"Duisbergia Sporları";""
"item.fossil.seed_ephedra";"Ephedra Seeds";"Ephedra Toğumları";""
"item.fossil.seed_florissantia";"Florissantia Seeds";"Florissantia Toğumları";""
"item.fossil.seed_foozia";"Foozia Spores";"Foozia Sporları";""
"item.fossil.seed_horsetail";"Horsetail Seeds";"Atkuyruğu Toğumları";""
"item.fossil.seed_licopodiophyta";"Licopodiophyta Seeds";"Licopodiophyta Toğumları";""
"item.fossil.seed_osmunda";"Osmunda Spores";"Osmunda Sporları";""
"item.fossil.seed_sagenopteris";"Sagenopteris Seeds";"Sagenopteris Toğumları";""
"item.fossil.seed_sarracenia";"Sarracenia Seeds";"Sarracenia Toğumları";""
"item.fossil.seed_vaccinium";"Vaccinium Seeds";"Vaccinium Toğumları";""
"item.fossil.seed_welwitschia";"Welwitschia Seeds";"Welwitschia Toğumları";""
"item.fossil.seed_zamites";"Zamites Seeds";"Zamites Toğumları";""
"item.fossil.frozen_meat";"Frozen Meat";"Donmuş Et";""
"item.fossil.fur_elasmotherium";"Elasmotherium Fur";"Elasmotherium Kürkü";""
"item.fossil.fur_mammoth";"Mammoth Fur";"Mamut Kürkü";""
"item.fossil.fur_therizinosaurus";"Therizinosaurus Down";"Therizinosaurus Tüyü";""
"item.fossil.magic_conch";"Magic Conch";"Sihirli Deniz Kabuğu";""
"item.fossil.pottery_shard";"Pottery Shard";"Çömlek kırığı";""
"item.fossil.music_disc_anu";"Music Disc";"Müzik Diski";""
"item.fossil.music_disc_anu.desc";"Nanotyrano - Awakening";"Nanotyrano - Uyanış";""
"item.fossil.music_disc_bones";"Music Disc";"Müzik Diski";""
"item.fossil.music_disc_bones.desc";"WhiteJoshMan - Bones";"WhiteJoshMan - Kemikler";""
"item.fossil.music_disc_discovery";"Music Disc";"Müzik Diski";""
"item.fossil.music_disc_discovery.desc";"Nanotyrano - Discovering the Past";"Nanotyrano - Geçmişi Keşif";""
"item.fossil.music_disc_scarab";"Music Disc";"Müzik Diski";""
"item.fossil.music_disc_scarab.desc";"Nanotyrano - Legend of the Scarab";"Nanotyrano - Pislik Böceğinin Efsanesi";""
"item.fossil.relic_scrap";"Relic Scrap";"Antik Hurda";""
"item.fossil.scarab_axe";"Scarab Axe";"Pislik Böceği Baltası";""
"item.fossil.scarab_gem";"Scarab Gem";"Pislik Böceği Mücevheri";""
"item.fossil.scarab_gem_aquatic";"Aquatic Scarab Gem";"Sucul Pislik Böceği Mücevheri";""
"item.fossil.scarab_hoe";"Scarab Hoe";"Pislik Böceği Çapası";""
"item.fossil.scarab_pickaxe";"Scarab Pickaxe";"Pislik Böceği Kazması";""
"item.fossil.scarab_shovel";"Scarab Shovel";"Pislik Böceği Küreği";""
"item.fossil.scarab_sword";"Scarab Sword";"Pislik Böceği Kılıcı";""
"item.fossil.spawn_egg_tar_slime";"Tar Slime Spawn Egg";"Katran Balçığı Çağırma Yumurtası";""
"item.fossil.spawn_egg_anu_boss";"Anu Boss Spawn Egg";"Anu Boss Çağırma Yumurtası";""
"item.fossil.spawn_egg_sentry_piglin";"Sentry Piglin Spawn Egg";"Nöbetçi Domuzadam Çağırma Yumurtası";""
"item.fossil.spawn_egg_failuresaurus";"Failuresaurus Spawn Egg";"Fiyaskosaurus Çağırma Yumurtası";""
"item.fossil.spawn_egg_generic";"%s Spawn Egg";"%s Çağırma Yumurtası";"Keep the variable %s. It will be replaced with the translated name of the mob"
"item.fossil.skull_stick";"Skull Stick";"Kafatası Sopası";""
"item.fossil.stone_tablet";"Stone Tablet";"Taş tablet";""
"item.fossil.tar_bucket";"Tar Bucket";"Katran Kovası";""
"item.fossil.tar_drop";"Tar Drop";"Katran Damlası";""
"item.fossil.tooth_dagger";"Tooth Dagger";"Diş Hançeri";""
"item.fossil.toy_ball_white";"White Toy Ball";"Beyaz Oyuncak Top";""
"item.fossil.toy_ball_orange";"Orange Toy Ball";"Turuncu Oyuncak Top";""
"item.fossil.toy_ball_magenta";"Magenta Toy Ball";"Eflatun Oyuncak Top";""
"item.fossil.toy_ball_light_blue";"Light Blue Toy Ball";"Açık Mavi Oyuncak Top";""
"item.fossil.toy_ball_yellow";"Yellow Toy Ball";"Sarı Oyuncak Top";""
"item.fossil.toy_ball_lime";"Lime Toy Ball";"Açık Yeşil Oyuncak Top";""
"item.fossil.toy_ball_pink";"Pink Toy Ball";"Pembe Oyuncak Top";""
"item.fossil.toy_ball_gray";"Gray Toy Ball";"Gri Oyuncak Top";""
"item.fossil.toy_ball_light_gray";"Light Gray Toy Ball";"Açık Gri Oyuncak Top";""
"item.fossil.toy_ball_cyan";"Cyan Toy Ball";"Camgöbeği Oyuncak Top";""
"item.fossil.toy_ball_purple";"Purple Toy Ball";"Mor Oyuncak Top";""
"item.fossil.toy_ball_blue";"Blue Toy Ball";"Mavi Oyuncak Top";""
"item.fossil.toy_ball_brown";"Brown Toy Ball";"Kahverengi Oyuncak Top";""
"item.fossil.toy_ball_green";"Green Toy Ball";"Yeşil Oyuncak Top";""
"item.fossil.toy_ball_red";"Red Toy Ball";"Kırmızı Oyuncak Top";""
"item.fossil.toy_ball_black";"Black Toy Ball";"Siyah Oyuncak Top";""
"item.fossil.toy_scratching_post_acacia";"Acacia Scratching Post";"Akasya Kaşınma Kazığı";""
"item.fossil.toy_scratching_post_birch";"Birch Scratching Post";"Huş Kaşınma Kazığı";""
"item.fossil.toy_scratching_post_crimson";"Crimson Scratching Post";"Kızıl Kök Kaşınma Kazığı";""
"item.fossil.toy_scratching_post_dark_oak";"Dark Oak Scratching Post";"Koyu Meşe Kaşınma Kazığı";""
"item.fossil.toy_scratching_post_jungle";"Jungle Scratching Post";"Orman Ağacı Kaşınma Kazığı";""
"item.fossil.toy_scratching_post_oak";"Oak Scratching Post";"Meşe Kaşınma Kazığı";""
"item.fossil.toy_scratching_post_spruce";"Spruce Scratching Post";"Ladin Kaşınma Kazığı";""
"item.fossil.toy_scratching_post_warped";"Warped Scratching Post";"Çarpık Kök Kaşınma Kazığı";""
"item.fossil.toy_tethered_log_acacia";"Acacia Tethered Log";"Akasya Sallanan Kütük";""
"item.fossil.toy_tethered_log_birch";"Birch Tethered Log";"Huş Sallanan Kütük";""
"item.fossil.toy_tethered_log_crimson";"Crimson Tethered Log";"Kızıl Kök Sallanan Kütük";""
"item.fossil.toy_tethered_log_dark_oak";"Dark Oak Tethered Log";"Koyu Meşe Sallanan Kütük";""
"item.fossil.toy_tethered_log_jungle";"Jungle Tethered Log";"Orman Ağacı Sallanan Kütük";""
"item.fossil.toy_tethered_log_oak";"Oak Tethered Log";"Meşe Sallanan Kütük";""
"item.fossil.toy_tethered_log_spruce";"Spruce Tethered Log";"Ladin Sallanan Kütük";""
"item.fossil.toy_tethered_log_warped";"Warped Tethered Log";"Çarpık Kök Sallanan Kütük";""
"item.fossil.whip";"Whip";"Kırbaç";""
"item.fossil.ancient_javelin";"Ancient Javelin";"Antik mızrak";""
"item.fossil.diamond_javelin";"Diamond Javelin";"Elmas mızrak";""
"item.fossil.gold_javelin";"Gold Javelin";"Altın Mızrak";""
"item.fossil.iron_javelin";"Iron Javelin";"Demir mızrak";""
"item.fossil.stone_javelin";"Stone Javelin";"Taş mızrak";""
"item.fossil.wooden_javelin";"Wooden Javelin";"Tahta mızrak";""
"item.fossil.laser_pointer";"Laser Pointer";"Lazer Kalem";""
"block.fossil.large_chain_fence";"Large Chain Fence";"Geniş Tel Örgü Çit";""
"block.fossil.small_chain_fence";"Small Chain Fence";"Sık Tel Örgü Çit";""
"block.fossil.amber_block";"Amber Block";"Kehribar Bloğu";""
"block.fossil.amber_chunk";"Amber Chunk";"Kehribar";""
"block.fossil.amber_chunk_dominican";"Dominican Amber Chunk";"Dominik Kehribarı";""
"block.fossil.amber_chunk_mosquito";"Mosquito Amber Chunk";"Sivrisinekli Kehribar";""
"block.fossil.amber_ore";"Amber Ore";"Kehribar cevheri";""
"block.fossil.analyzer";"Analyzer";"Analiz Makinesi";""
"block.fossil.ancient_chest";"Ancient Chest";"Antik Sandık";""
"block.fossil.ancient_glass";"Ancient Glass";"Antik Cam";""
"block.fossil.ancient_stone";"Ancient Stone";"Antik Taş";""
"block.fossil.ancient_stone_bricks";"Ancient Stone Bricks";"Antik Taş Tuğlalar";""
"block.fossil.ancient_stone_slab";"Ancient Stone Slab";"Antik Taş Basamağı";""
"block.fossil.ancient_stone_stairs";"Ancient Stone Stairs";"Antik Taş Merdiven";""
"block.fossil.ancient_stone_wall";"Ancient Stone Wall";"Antik Taş Duvar";""
"block.fossil.ancient_wood_planks";"Ancient Wood Planks";"Antik Tahta";""
"block.fossil.ancient_wood_log";"Ancient Wood Log";"Antik Kütük";""
"block.fossil.ancient_wood_slab";"Ancient Wood Slab";"Antik Tahta Basamak";""
"block.fossil.ancient_wood_stairs";"Ancient Wood Stairs";"Antik Tahta Merdiven";""
"block.fossil.anu_statue";"Anu Statue";"Anu Heykeli";""
"block.fossil.anubite_statue";"Anubite Statue";"Anubis Heykeli";""
"block.fossil.bubble_blower";"Bubble Blower";"Baloncuk Makinesi";""
"block.fossil.calamites_button";"Calamites Button";"Calamites Düğme";""
"block.fossil.calamites_door";"Calamites Door";"Calamites Kapı";""
"block.fossil.calamites_fence";"Calamites Fence";"Calamites Çit";""
"block.fossil.calamites_fence_gate";"Calamites Fence Gate";"Calamites Çit Kapısı";""
"block.fossil.calamites_leaves";"Calamites Leaves";"Calamites Yaprakları";""
"block.fossil.calamites_log";"Calamites Log";"Calamites Kütüğü";""
"block.fossil.calamites_planks";"Calamites Wood Planks";"Calamites Tahtası";""
"block.fossil.calamites_pressure_plate";"Calamites Pressure Plate";"Calamites Basınç Plakası";""
"block.fossil.calamites_sapling";"Calamites Sapling";"Calamites Fidanı";""
"block.fossil.calamites_slab";"Calamites Wood Slab";"Calamites Basamak";""
"block.fossil.calamites_stairs";"Calamites Wood Stairs";"Calamites Merdiven";""
"block.fossil.calamites_trapdoor";"Calamites Trapdoor";"Calamites Tuzak Kapısı";""
"block.fossil.calamites_wood";"Calamites Wood";"Calamites Odunu";""
"block.fossil.cordaites_button";"Cordaites Button";"Cordaites Düğmesi";""
"block.fossil.cordaites_door";"Cordaites Door";"Cordaites Kapısı";""
"block.fossil.cordaites_fence";"Cordaites Fence";"Cordaites Çiti";""
"block.fossil.cordaites_fence_gate";"Cordaites Fence Gate";"Cordaites Çit Kapısı";""
"block.fossil.cordaites_leaves";"Cordaites Leaves";"Cordaites Yaprakları";""
"block.fossil.cordaites_log";"Cordaites Log";"Cordaites Kütüğü";""
"block.fossil.cordaites_planks";"Cordaites Wood Planks";"Cordaites Tahtası";""
"block.fossil.cordaites_pressure_plate";"Cordaites Pressure Plate";"Cordaites Basınç Plakası";""
"block.fossil.cordaites_sapling";"Cordaites Sapling";"Cordaites Fidanı";""
"block.fossil.cordaites_slab";"Cordaites Wood Slab";"Cordaites Basamak";""
"block.fossil.cordaites_stairs";"Cordaites Wood Stairs";"Cordaites Merdiven";""
"block.fossil.cordaites_trapdoor";"Cordaites Trapdoor";"Cordaites Tuzak Kapısı";""
"block.fossil.cordaites_wood";"Cordaites Wood";"Cordaites Odunu";""
"block.fossil.mutant_tree_button";"Mutant Tree Button";"Mutant Ağaç Düğmesi";""
"block.fossil.mutant_tree_door";"Mutant Tree Door";"Mutant Ağaç Kapısı";""
"block.fossil.mutant_tree_fence";"Mutant Tree Fence";"Mutant Ağaç Çiti";""
"block.fossil.mutant_tree_fence_gate";"Mutant Tree Fence Gate";"Mutant Ağaç Çit Kapısı";""
"block.fossil.mutant_tree_leaves";"Mutant Tree Leaves";"Mutant Ağaç Yaprakları";""
"block.fossil.mutant_tree_log";"Mutant Tree Log";"Mutant Ağaç Kütüğü";""
"block.fossil.mutant_tree_planks";"Mutant Tree Wood Planks";"Mutant Ağaç Tahtası";""
"block.fossil.mutant_tree_pressure_plate";"Mutant Tree Pressure Plate";"Mutant Ağaç Basınç Plakası";""
"block.fossil.mutant_tree_sapling";"Mutant Tree Sapling";"Mutant Ağaç Fidanı";""
"block.fossil.mutant_tree_slab";"Mutant Tree Wood Slab";"Mutant Ağaç Basamak";""
"block.fossil.mutant_tree_stairs";"Mutant Tree Wood Stairs";"Mutant Ağaç Merdiven";""
"block.fossil.mutant_tree_trapdoor";"Mutant Tree Trapdoor";"Mutant Ağaç Tuzak Kapısı";""
"block.fossil.mutant_tree_wood";"Mutant Tree Wood";"Mutant Ağaç Odunu";""
"block.fossil.mutant_tree_vine";"Mutant Tree Vines";"Mutant Ağaç Sarmaşıkları";""
"block.fossil.palm_button";"Palm Button";"Palmiye Düğme";""
"block.fossil.palm_door";"Palm Door";"Palmiye Kapı";""
"block.fossil.palm_fence";"Palm Fence";"Palmiye Çit";""
"block.fossil.palm_fence_gate";"Palm Fence Gate";"Palmiye Çit kapısı";""
"block.fossil.palm_leaves";"Palm Leaves";"Palmiye Yaprakları";""
"block.fossil.palm_log";"Palm Log";"Palmiye Kütüğü";""
"block.fossil.palm_planks";"Palm Wood Planks";"Palmiye Tahtası";""
"block.fossil.palm_pressure_plate";"Palm Pressure Plate";"Palmiye Basınç Plakası";""
"block.fossil.palm_sapling";"Palm Sapling";"Palmiye Fidanı";""
"block.fossil.palm_slab";"Palm Wood Slab";"Palmiye Basamak";""
"block.fossil.palm_stairs";"Palm Wood Stairs";"Palmiye Merdiven";""
"block.fossil.palm_trapdoor";"Palm Trapdoor";"Palmiye Tuzak Kapısı";""
"block.fossil.palm_wood";"Palm Wood";"Palmiye Odunu";""
"block.fossil.sigillaria_button";"Sigillaria Button";"Sigillaria Düğme";""
"block.fossil.sigillaria_door";"Sigillaria Door";"Sigillaria Kapı";""
"block.fossil.sigillaria_fence";"Sigillaria Fence";"Sigillaria Çit";""
"block.fossil.sigillaria_fence_gate";"Sigillaria Fence Gate";"Sigillaria Çit Kapısı";""
"block.fossil.sigillaria_leaves";"Sigillaria Leaves";"Sigillaria Yaprakları";""
"block.fossil.sigillaria_log";"Sigillaria Log";"Sigillaria Kütüğü";""
"block.fossil.sigillaria_planks";"Sigillaria Wood Planks";"Sigillaria Tahtası";""
"block.fossil.sigillaria_pressure_plate";"Sigillaria Pressure Plate";"Sigillaria Basınç Plakası";""
"block.fossil.sigillaria_sapling";"Sigillaria Sapling";"Sigillaria Fidanı";""
"block.fossil.sigillaria_slab";"Sigillaria Wood Slab";"Sigillaria Basamak";""
"block.fossil.sigillaria_stairs";"Sigillaria Wood Stairs";"Sigillaria Merdiven";""
"block.fossil.sigillaria_trapdoor";"Sigillaria Trapdoor";"Sigillaria Tuzak Kapısı";""
"block.fossil.sigillaria_wood";"Sigillaria Wood";"Sigillaria Odunu";""
"block.fossil.shell";"Shell";"Kabuk";""
"block.fossil.tempskya_button";"Tempskya Button";"Tempskya Düğme";""
"block.fossil.tempskya_door";"Tempskya Door";"Tempskya Kapı";""
"block.fossil.tempskya_fence";"Tempskya Fence";"Tempskya Çit";""
"block.fossil.tempskya_fence_gate";"Tempskya Fence Gate";"Tempskya Çit Kapısı";""
"block.fossil.tempskya_log";"Tempskya Log";"Tempskya Kütük";""
"block.fossil.tempskya_planks";"Tempskya Wood Planks";"Tempskya Tahtası";""
"block.fossil.tempskya_pressure_plate";"Tempskya Pressure Plate";"Tempskya Basınç Plakası";""
"block.fossil.tempskya_sapling";"Tempskya Sapling";"Tempskya Fidanı";""
"block.fossil.tempskya_slab";"Tempskya Wood Slab";"Tempskya Basamak";""
"block.fossil.tempskya_stairs";"Tempskya Wood Stairs";"Tempskya Merdiven";""
"block.fossil.tempskya_trapdoor";"Tempskya Trapdoor";"Tempskya Tuzak Kapısı";""
"block.fossil.tempskya_wood";"Tempskya Wood";"Tempskya Odunu";""
"block.fossil.tempskya_top";"Tempskya Top";"Tempskya Üstü";""
"block.fossil.tempskya_leaf";"Tempskya Leaves";"Tempskya Yaprakları";""
"block.fossil.stripped_calamites_log";"Stripped Calamites Log";"Soyulmuş Calamites Kütüğü";""
"block.fossil.stripped_calamites_wood";"Stripped Calamites Wood";"Soyulmuş Calamites Odunu";""
"block.fossil.stripped_cordaites_log";"Stripped Cordaites Log";"Soyulmuş Cordaites Kütüğü";""
"block.fossil.stripped_cordaites_wood";"Stripped Cordaites Wood";"Soyulmuş Cordaites Odunu";""
"block.fossil.stripped_mutant_tree_log";"Stripped Mutant Tree Log";"Soyulmuş Mutant Ağaç Kütüğü";""
"block.fossil.stripped_mutant_tree_wood";"Stripped Mutant Tree Wood";"Soyulmuş Mutant Ağaç Odunu";""
"block.fossil.stripped_palm_log";"Stripped Palm Log";"Soyulmuş Palmiye Kütüğü";""
"block.fossil.stripped_palm_wood";"Stripped Palm Wood";"Soyulmuş Palmiye Odunu";""
"block.fossil.stripped_sigillaria_log";"Stripped Sigillaria Log";"Soyulmuş Sigillaria Kütüğü";""
"block.fossil.stripped_sigillaria_wood";"Stripped Sigillaria Wood";"Soyulmuş Sigillaria Odunu";""
"block.fossil.stripped_tempskya_log";"Stripped Tempskya Log";"Soyulmuş Tempskya Kütüğü";""
"block.fossil.stripped_tempskya_wood";"Stripped Tempskya Wood";"Soyulmuş Tempskya Odunu";""
"block.fossil.comfy_bed";"Comfy Bed";"Rahat Yatak";""
"block.fossil.culture_vat";"Culture Vat";"Canlandırma Kapsülü";""
"block.fossil.dense_sand";"Dense Sand";"Yoğun kum";""
"block.fossil.drum";"Drum";"Davul";""
"block.fossil.fake_obsidian";"Fake Obsidian";"Sahte Obsidyen";""
"block.fossil.feeder";"Feeder";"Besleyici";""
"block.fossil.figurine_anu_destroyed";"Destroyed Anu Figurine";"Parçalanmış Anu Figürü";""
"block.fossil.figurine_anu_restored";"Restored Anu Figurine";"Restore edilmiş Anu Figürü";""
"block.fossil.figurine_anu_pristine";"Pristine Anu Figurine";"Yitmemiş Anu Figürü";""
"block.fossil.figurine_enderman_destroyed";"Destroyed Enderman Figurine";"Parçalanmış Enderman Figürü";""
"block.fossil.figurine_enderman_restored";"Restored Enderman Figurine";"Restore edilmiş Enderman Figürü";""
"block.fossil.figurine_enderman_pristine";"Pristine Enderman Figurine";"Sağlam Enderman figürü";""
"block.fossil.figurine_piglin_destroyed";"Destroyed Piglin Figurine";"Parçalanmış Piglin Figürü";""
"block.fossil.figurine_piglin_restored";"Restored Piglin Figurine";"Restore edilmiş Piglin Figürü";""
"block.fossil.figurine_piglin_pristine";"Pristine Piglin Figurine";"Yitmemiş Piglin Figürü";""
"block.fossil.figurine_skeleton_destroyed";"Destroyed Skeleton Figurine";"Parçalanmış İskelet Figürü";""
"block.fossil.figurine_skeleton_restored";"Restored Skeleton Figurine";"Restore edilmiş İskelet Figürü";""
"block.fossil.figurine_skeleton_pristine";"Pristine Skeleton Figurine";"Sağlam Iskelet figürü";""
"block.fossil.figurine_steve_destroyed";"Destroyed Steve Figurine";"Parçalanmış Steve Figürü";""
"block.fossil.figurine_steve_restored";"Restored Steve Figurine";"Restore edilmiş Steve Figürü";""
"block.fossil.figurine_steve_pristine";"Pristine Steve Figurine";"Sağlam Steve figürü";""
"block.fossil.figurine_zombie_destroyed";"Destroyed Zombie Figurine";"Parçalanmış Zombi Figürü";""
"block.fossil.figurine_zombie_restored";"Restored Zombie Figurine";"Restore edilmiş Zombi Figürü";""
"block.fossil.figurine_zombie_pristine";"Pristine Zombie Figurine";"Sağlam Zombi figürü";""
"block.fossil.fossil_calcite";"Calcite Fossil Block";"Kalsit Fosil Bloğu";""
"block.fossil.fossil_deepslate";"Deepslate Fossil Block";"Derin Kayrak Fosil Bloğu";""
"block.fossil.fossil_dripstone";"Dripstone Fossil Block";"Damla Taş Fosil Bloğu";""
"block.fossil.fossil_red_sandstone";"Red Sandstone Fossil Block";"Kırmızı Kum Taşı Fosil Bloğu";""
"block.fossil.fossil_sandstone";"Sandstone Fossil Block";"Kum Taşı Fosil Bloğu";""
"block.fossil.fossil_stone";"Stone Fossil Block";"Taş Fosil Bloğu";""
"block.fossil.fossil_tuff";"Tuff Fossil Block";"Tüf Fosil Bloğu";""
"block.fossil.home_portal";"Overworld Portal";"Yeryüzü Portalı";""
"block.fossil.anu_portal";"Mysterious Lair Portal";"Gizemli in portalı";""
"block.fossil.iced_dirt";"Iced Dirt";"Buzlanmış Toprak";""
"block.fossil.obsidian_spikes";"Obsidian Spikes";"Obsidyen Dikitler";""
"block.fossil.permafrost_block";"Permafrost Block";"Kalıcı Don Toprağı";""
"block.fossil.reinforced_glass";"Reinforced Glass";"Kırılmaz cam";""
"block.fossil.sarcophagus";"Sarcophagus";"Gizemli Lahit";""
"block.fossil.skull";"Skull Block";"Kafatası bloğu";""
"block.fossil.skull_lantern";"Skull Lantern";"Kafatası lambası";""
"block.fossil.sifter";"Sifter";"Elek";""
"block.fossil.slime_trail";"Slime Trail";"Fiyaskosaurus İzi";""
"block.fossil.tar";"Tar";"Katran";""
"block.fossil.tarred_dirt";"Tarred Dirt";"Katranlı Toprak";""
"block.fossil.worktable";"Archeology Workbench";"Arkeoloji Tezgahı";""
"block.fossil.vase_amphora_white";"White Amphora";"Beyaz Amfora";""
"block.fossil.vase_amphora_orange";"Orange Amphora";"Turuncu Amfora";""
"block.fossil.vase_amphora_magenta";"Magenta Amphora";"Eflatun Amfora";""
"block.fossil.vase_amphora_light_blue";"Light Blue Amphora";"Açık Mavi Amfora";""
"block.fossil.vase_amphora_yellow";"Yellow Amphora";"Sarı Amfora";""
"block.fossil.vase_amphora_lime";"Lime Amphora";"Açık Yeşil Amfora";""
"block.fossil.vase_amphora_pink";"Pink Amphora";"Pembe Amfora";""
"block.fossil.vase_amphora_gray";"Gray Amphora";"Gri Amfora";""
"block.fossil.vase_amphora_light_gray";"Light Gray Amphora";"Açık Gri Amfora";""
"block.fossil.vase_amphora_cyan";"Cyan Amphora";"Camgöbeği Amfora";""
"block.fossil.vase_amphora_purple";"Purple Amphora";"Mor Amfora";""
"block.fossil.vase_amphora_blue";"Blue Amphora";"Mavi Amfora";""
"block.fossil.vase_amphora_brown";"Brown Amphora";"Kahverengi Amfora";""
"block.fossil.vase_amphora_green";"Green Amphora";"Yeşil Amfora";""
"block.fossil.vase_amphora_red";"Red Amphora";"Kırmızı Amfora";""
"block.fossil.vase_amphora_black";"Black Amphora";"Siyah Amfora";""
"block.fossil.vase_amphora_damaged";"Damaged Amphora";"Hasarlı Amfora";""
"block.fossil.vase_amphora_restored";"Restored Amphora";"Restore edilmiş Amfora";""
"block.fossil.vase_kylix_white";"White Kylix";"Beyaz Kyliks";""
"block.fossil.vase_kylix_orange";"Orange Kylix";"Turuncu Kyliks";""
"block.fossil.vase_kylix_magenta";"Magenta Kylix";"Eflatun Kyliks";""
"block.fossil.vase_kylix_light_blue";"Light Blue Kylix";"Açık Mavi Kyliks";""
"block.fossil.vase_kylix_yellow";"Yellow Kylix";"Sarı Kyliks";""
"block.fossil.vase_kylix_lime";"Lime Kylix";"Açık Yeşil Kyliks";""
"block.fossil.vase_kylix_pink";"Pink Kylix";"Pembe Kyliks";""
"block.fossil.vase_kylix_gray";"Gray Kylix";"Gri Kyliks";""
"block.fossil.vase_kylix_light_gray";"Light Gray Kylix";"Açık Gri Kyliks";""
"block.fossil.vase_kylix_cyan";"Cyan Kylix";"Camgöbeği Kyliks";""
"block.fossil.vase_kylix_purple";"Purple Kylix";"Mor Kyliks";""
"block.fossil.vase_kylix_blue";"Blue Kylix";"Mavi Kyliks";""
"block.fossil.vase_kylix_brown";"Brown Kylix";"Kahverengi Kyliks";""
"block.fossil.vase_kylix_green";"Green Kylix";"Yeşil Kyliks";""
"block.fossil.vase_kylix_red";"Red Kylix";"Kırmızı Kyliks";""
"block.fossil.vase_kylix_black";"Black Kylix";"Siyah Kyliks";""
"block.fossil.vase_kylix_damaged";"Damaged Kylix";"Hasarlı Kyliks";""
"block.fossil.vase_kylix_restored";"Restored Kylix";"Restore edilmiş Kyliks";""
"block.fossil.vase_volute_white";"White Volute";"Beyaz Volüt";""
"block.fossil.vase_volute_orange";"Orange Volute";"Turuncu Volüt";""
"block.fossil.vase_volute_magenta";"Magenta Volute";"Eflatun Volüt";""
"block.fossil.vase_volute_light_blue";"Light Blue Volute";"Açık Mavi Volüt";""
"block.fossil.vase_volute_yellow";"Yellow Volute";"Sarı Volüt";""
"block.fossil.vase_volute_lime";"Lime Volute";"Açık Yeşil Volüt";""
"block.fossil.vase_volute_pink";"Pink Volute";"Pembe Volüt";""
"block.fossil.vase_volute_gray";"Gray Volute";"Gri Volüt";""
"block.fossil.vase_volute_light_gray";"Light Gray Volute";"Açık Gri Volüt";""
"block.fossil.vase_volute_cyan";"Cyan Volute";"Camgöbeği Volüt";""
"block.fossil.vase_volute_purple";"Purple Volute";"Mor Volüt";""
"block.fossil.vase_volute_blue";"Blue Volute";"Mavi Volüt";""
"block.fossil.vase_volute_brown";"Brown Volute";"Kahverengi Volüt";""
"block.fossil.vase_volute_green";"Green Volute";"Yeşil Volüt";""
"block.fossil.vase_volute_red";"Red Volute";"Kırmızı Volüt";""
"block.fossil.vase_volute_black";"Black Volute";"Siyah Volüt";""
"block.fossil.vase_volute_damaged";"Damaged Volute";"Hasarlı Volüt";""
"block.fossil.vase_volute_restored";"Restored Volute";"Onarılmış Volüt";""
"block.fossil.volcanic_ash";"Volcanic Ash";"Volkanik kül";""
"block.fossil.volcanic_rock";"Volcanic Rock";"Volkanik taş";""
"block.fossil.volcanic_bricks";"Volcanic Bricks";"Volkanik Taş Tuğla";""
"block.fossil.volcanic_brick_slab";"Volcanic Slab";"Volkanik Taş Tuğla Basamak";""
"block.fossil.volcanic_brick_stairs";"Volcanic Stairs";"Volkanik Taş Tuğla Merdiven";""
"block.fossil.volcanic_brick_wall";"Volcanic Wall";"Volkanik Taş Tuğla Duvar";""
"block.fossil.volcanic_tiles";"Volcanic Tiles";"Döşeme Volkanik Taş";""
"block.fossil.volcanic_tile_slab";"Volcanic Slab";"Döşeme Volkanik Taş Basamak";""
"block.fossil.volcanic_tile_stairs";"Volcanic Stairs";"Döşeme Volkanik Taş Merdiven";""
"block.fossil.volcanic_tile_wall";"Volcanic Wall";"Döşeme Volkanik Taş Duvar";""
"block.fossil.bennettitales_large";"Large Bennettitales";"Büyük Bennettitales";""
"block.fossil.bennettitales_small";"Small Bennettitales";"Küçük Bennettitales";""
"block.fossil.cephalotaxus";"Cephalotaxus";"Cephalotaxus";""
"block.fossil.crataegus";"Crataegus";"Crataegus";""
"block.fossil.cyathea";"Cyathea";"Cyathea";""
"block.fossil.dictyophyllum";"Dictyophyllum";"Dictyophyllum";""
"block.fossil.dillhoffia";"Dillhoffia";"Dillhoffia";""
"block.fossil.dipteris";"Dipteris";"Dipteris";""
"block.fossil.duisbergia";"Duisbergia";"Duisbergia";""
"block.fossil.ephedra";"Ephedra";"Efedra";""
"block.fossil.florissantia";"Florissantia";"Florissantia";""
"block.fossil.foozia";"Foozia";"Foozia";""
"block.fossil.horsetail_large";"Large Horsetail";"Büyük Atkuyruğu";""
"block.fossil.horsetail_small";"Small Horsetail";"Küçük Atkuyruğu";""
"block.fossil.licopodiophyta";"Licopodiophyta";"Licopodiophyta";""
"block.fossil.mutant_plant";"Mutant Plant";"Mutant Bitki";""
"block.fossil.osmunda";"Osmunda";"Osmunda";""
"block.fossil.sagenopteris";"Sagenopteris";"Sagenopteris";""
"block.fossil.sarracenia";"Sarracenia";"Sürahi Bitkisi";""
"block.fossil.vaccinium";"Vaccinium";"Ayıüzümü";""
"block.fossil.welwitschia";"Welwitschia";"Welwitschia";""
"block.fossil.zamites";"Zamites";"Zamites";""
"block.fossil.plant_ferns";"Prehistoric Ferns";"Tarih Öncesi Eğrelti Otu";""
"effect.fossil.comfy_bed";"Scent Of The Wild";"Vahşi Doğanın Esintisi";""
"enchantment.fossil.archeology";"Archeology";"Arkeoloji";""
"enchantment.fossil.archeology.desc";"Increases the likelihood of getting archeology related items (especially relic scrap and scarab gems)";"Arkeoloji ile alakalı eşyaların düşme ihtimalini arttırır
(Pislik böceği mücevherleri ve antik hurda düşme ihtimalini özellikle arttırır.)";""
"enchantment.fossil.paleontology";"Paleontology";"Paleontoloji";""
"enchantment.fossil.paleontology.desc";"Increases the likelihood of getting paleontology related items (especially fossils)";"Paleontoloji ile alakalı eşyaların düşme ihtimalini arttırır
(Özellikle fosillerde işe yarar)";""
"entity.minecraft.villager.fossil.paleontologist";"Paleontologist";"Paleontolog";""
"entity.minecraft.villager.fossil.archeologist";"Archeologist";"Arkeolog";""
"entity.minecraft.villager.paleontologist";"Paleontologist";"Paleontolog";""
"entity.minecraft.villager.archeologist";"Archeologist";"Arkeolog";""
"entity.fossil.laser_point";"Laser Dot";"Lazer Nokta";""
"entity.fossil.alligator_gar";"Alligator Gar";"Timsah balığı";""
"entity.fossil.allosaurus";"Allosaurus";"Allosaurus";""
"entity.fossil.ankylosaurus";"Ankylosaurus";"Ankylosaurus";""
"entity.fossil.aquilolamna";"Aquilolamna";"Kartal Köpek Balığı";""
"entity.fossil.arthropleura";"Arthropleura";"Arthropleura";""
"entity.fossil.brachiosaurus";"Brachiosaurus";"Brachiosaurus";""
"entity.fossil.ceratosaurus";"Ceratosaurus";"Ceratosaurus";""
"entity.fossil.citipati";"Citipati";"Citipati";""
"entity.fossil.coelacanth";"Coelacanth";"Sölekant";""
"entity.fossil.compsognathus";"Compsognathus";"Compsognathus";""
"entity.fossil.confuciusornis";"Confuciusornis";"Confuciusornis";""
"entity.fossil.crassigyrinus";"Crassigyrinus";"Crassigyrinus";""
"entity.fossil.deinonychus";"Deinonychus";"Deinonychus";""
"entity.fossil.dimetrodon";"Dimetrodon";"Dimetrodon";""
"entity.fossil.dimorphodon";"Dimorphodon";"Dimorphodon";""
"entity.fossil.dilophosaurus";"Dilophosaurus";"Dilophosaurus";""
"entity.fossil.diplocaulus";"Diplocaulus";"Diplocaulus";""
"entity.fossil.diplodocus";"Diplodocus";"Diplodocus";""
"entity.fossil.dodo";"Dodo";"Dodo";""
"entity.fossil.dryosaurus";"Dryosaurus";"Dryosaurus";""
"entity.fossil.edaphosaurus";"Edaphosaurus";"Edaphosaurus";""
"entity.fossil.elasmotherium";"Elasmotherium";"Elasmotherium";""
"entity.fossil.gallimimus";"Gallimimus";"Gallimimus";""
"entity.fossil.gastornis";"Gastornis";"Gastornis";""
"entity.fossil.henodus";"Henodus";"Henodus";""
"entity.fossil.ichthyosaurus";"Ichthyosaurus";"Icthyosaurus";""
"entity.fossil.kelenken";"Kelenken";"Kelenken";""
"entity.fossil.liopleurodon";"Liopleurodon";"Liopleurodon";""
"entity.fossil.mammoth";"Mammoth";"Mamut";""
"entity.fossil.megalania";"Megalania";"Megalanya";""
"entity.fossil.megaloceros";"Megaloceros";"Megaloceros";""
"entity.fossil.megalodon";"Megalodon";"Megalodon";""
"entity.fossil.megalograptus";"Megalograptus";"Megalograptus";""
"entity.fossil.meganeura";"Meganeura";"Meganeura";""
"entity.fossil.mosasaurus";"Mosasaurus";"Mosazor";""
"entity.fossil.nautilus";"Nautilus";"Notilus";""
"entity.fossil.ornitholestes";"Ornitholestes";"Ornitholestes";""
"entity.fossil.pachycephalosaurus";"Pachycephalosaurus";"Pachycephalosaurus";""
"entity.fossil.pachyrhinosaurus";"Pachyrhinosaurus";"Pachyrhinosaurus";""
"entity.fossil.parasaurolophus";"Parasaurolophus";"Parasaurolophus";""
"entity.fossil.phorusrhacos";"Phorusrhacos";"Phorusrhacos";""
"entity.fossil.platybelodon";"Platybelodon";"Platybelodon";""
"entity.fossil.plesiosaurus";"Plesiosaurus";"Plesiyozor";""
"entity.fossil.postosuchus";"Postosuchus";"Postosuchus";""
"entity.fossil.protoceratops";"Protoceratops";"Protoceratops";""
"entity.fossil.psittacosaurus";"Psittacosaurus";"Psittacosaurus";""
"entity.fossil.pteranodon";"Pteranodon";"Pteranodon";""
"entity.fossil.quagga";"Quagga";"Quagga";""
"entity.fossil.quetzalcoatlus";"Quetzalcoatlus";"Quetzalcoatlus";""
"entity.fossil.sarcosuchus";"Sarcosuchus";"Sarcosuchus";""
"entity.fossil.smilodon";"Smilodon";"Smilodon";""
"entity.fossil.spinosaurus";"Spinosaurus";"Spinosaurus";""
"entity.fossil.stegosaurus";"Stegosaurus";"Stegosaurus";""
"entity.fossil.sturgeon";"Sturgeon";"Mersin balığı";""
"entity.fossil.therizinosaurus";"Therizinosaurus";"Therizinosaurus";""
"entity.fossil.tiktaalik";"Tiktaalik";"Tiktaalik";""
"entity.fossil.titanis";"Titanis";"Titanis";""
"entity.fossil.triceratops";"Triceratops";"Triceratops";""
"entity.fossil.dicranurus";"Dicranurus";"Dicranurus";""
"entity.fossil.lonchodomas";"Lonchodomas";"Lonchodomas";""
"entity.fossil.scotoharpes";"Scotoharpes";"Scotoharpes";""
"entity.fossil.walliserops";"Walliserops";"Walliserops";""
"entity.fossil.tropeognathus";"Tropeognathus";"Tropeognathus";""
"entity.fossil.tyrannosaurus";"Tyrannosaurus";"Tiranozor";""
"entity.fossil.velociraptor";"Velociraptor";"Velociraptor";""
"entity.fossil.anubite";"Anubite";"Anubis";""
"entity.fossil.anu_boss";"Anu";"Anu";""
"entity.fossil.anu.ancient";"Anu: Trying to use my magic against me? Bad Idea.";"Anu: Benim büyümü bana karşı mı kullanmaya çalışıyorsun? Beyhude...";""
"entity.fossil.anu.archers";"Anu: Archers, fire!";"Anu: Okçular, ateş!";""
"entity.fossil.anu.blazes";"Anu: Blazes! Destroy the enemy!";"Anu: Blazeler! Düşmanın işini bitirin!";""
"entity.fossil.anu.break_block";"You cannot break blocks here without defeating Anu.";"Burada Anu'yu yenmeden blok kıramazsın.";""
"entity.fossil.anu.brutes";"Anu: Brutes, wake up your wisdom.";"Anu: Zalim piglinler, bilgeliğinizi uyandırın.";""
"entity.fossil.anu.coward";"Anu: Bow using coward! Stop hiding!";"Anu: Yay kullanan korkak! Saklanmayı bırak!";""
"entity.fossil.anu.death";"Anu: NO!!!";"Anu: HAYIR!!! OLAMAZ!!!";""
"entity.fossil.anu.draw";"Anu: DRAW YOUR SWORD.";"Anu: KILICINI ÇIKAR!";""
"entity.fossil.anu.fewBeaten";"Anu: Few have beaten me. Prepare to die.";"Anu: Beni çok azı yenebildi... Ölmeye hazırlan.";""
"entity.fossil.anu.fist";"Anu: Bare hands... Stupid, but brave.";"Anu: Çıplak eller... Şuursuz ama cesur. ";""
"entity.fossil.anu.hello";"Anu: Kneel before me, resistance is futile.";"Anu: Diz çök, direnmen beyhude!";""
"entity.fossil.anu_dead";"Dead Anu";"Ölü Anu";""
"entity.fossil.anu_totem";"Anu Totem";"Anu totemi";""
"entity.fossil.dinosaur_egg";"Dinosaur Egg";"Dinozor yumurtası";""
"entity.fossil.dinosaur_egg.hatched";"A prehistoric egg has hatched!";"Tarih öncesi bir canlı yumurtasından çıktı!";""
"entity.fossil.order.stay";"%s is staying";"%s yerinde kalıyor";"Keep the variable %s. It will be replaced with the translated name of the mob"
"entity.fossil.order.wander";"%s is wandering";"%s serbestçe dolanıyor";"Keep the variable %s. It will be replaced with the translated name of the mob"
"entity.fossil.order.follow";"%s is following";"%s takip ediyor";"Keep the variable %s. It will be replaced with the translated name of the mob"
"entity.fossil.situation.betrayed";"This %s has been betrayed!";"%s sana ihanet etti!";"Keep the variable %s. It will be replaced with the translated name of the mob"
"entity.fossil.situation.full";"This %s is full.";"%s doydu";"Keep the variable %s. It will be replaced with the translated name of the mob"
"entity.fossil.friendly_piglin";"Friendly Zombie Piglin";"Arkadaş Canlısı Zombi Piglin";""
"entity.fossil.friendly_piglin.kill";"I have killed another creature for you!";"Senin için öldürdüm!";""
"entity.fossil.friendly_piglin.summon";"My Lord! I will fight for you till the death!";"Beyim! Senin için ölene kadar savaşacağım!";""
"entity.fossil.prehistoric.tamed";"You have tamed this %s";"Bu %s senin tarafından evcilleştirildi";"Keep the variable %s. It will be replaced with the translated name of the mob"
"entity.fossil.failuresaurus";"Failuresaurus";"Fiyaskosaurus";""
"entity.fossil.javelin";"Javelin";"Mızrak";""
"entity.fossil.stone_tablet";"Stone Tablet";"Taş tablet";""
"entity.fossil.sentry_piglin";"Sentry Piglin";"Nöbetçi Piglin";""
"entity.fossil.tar_slime";"Tar Slime";"Katran Balçığı";""
"entity.fossil.toy_ball";"Ball";"Top";""
"entity.fossil.toy_tethered_log";"Tethered Log";"Sallanan Kütük";""
"entity.fossil.toy_scratching_post";"Scratching Post";"Kaşınma Direği";""
"entity.fossil.thrown_bird_egg";"Bird Egg";"Kuş yumurtası";""
"entity.fossil.flying.disabled";"Flying has been disabled on this server";"Uçma Bu Sunucuda Devre Dışı Bırakılmıştır";""
"itemGroup.fossil.fa_block_tab";"Fossil Revival Blocks";"Fosillerin Uyanışı Blokları";""
"itemGroup.fossil.fa_mob_item_tab";"Fossil Revival Mob Items";"Fosillerin Uyanışı Mob Eşyaları";""
"itemGroup.fossil.fa_other_item_tab";"Fossil Revival Other Items";"Fosillerin Uyanışı Diğer Eşyalar";""
"prehistoric.essence_fail_adult";"This prehistoric mob is fully grown!";"Bu tarih öncesi canlı yetişkin!";""
"prehistoric.essence_fail_hungry";"This prehistoric mob is too hungry!";"Bu tarih öncesi canlı bunun için fazla aç!";""
"culture_vat.outBreak";"Cultivation has failed!";"Kültüvasyon başarısız oldu!";""
"container.fossil.feeder";"Feeder";"Besleyici";""
"container.fossil.culture_vat";"Culture Vat";"Canlandırma Kapsülü";""
"container.fossil.sifter";"Sifter";"Elek";""
"container.fossil.analyzer";"Analyzer";"Analiz Makinesi";""
"container.fossil.worktable";"Archeology Workbench";"Arkeoloji Tezgahı";""
"death.attack.fossil.aquatic_suffocate";"%1$s suffocated on land";"%1$s karada boğuldu";""
"death.attack.fossil.aquatic_suffocate.player";"%1$s suffocated on land whilst trying to escape %2$s";"%1$s %2$s tarafından kovalanırken karada boğuldu";""
"pedia.fossil.activity";"Activity: %s";"Aktivite: %s";"Keep the variable %s. It will be replaced with the translated name of the activity type"
"pedia.fossil.activity.both";"Cathemeral";"Katemeral";""
"pedia.fossil.activity.diurnal";"Diurnal";"Gündüzcül";""
"pedia.fossil.activity.nocturnal";"Nocturnal";"Gececil";""
"pedia.fossil.activity.both.desc";"This mob is active both during the day and night.";"Bu canlı hem gece hem de gündüz boyu aktif.";""
"pedia.fossil.activity.diurnal.desc";"This mob is active during the day.";"Bu canlı sadece gündüzleri aktif.";""
"pedia.fossil.activity.nocturnal.desc";"This mob is active during the night.";"Bu canlı sadece geceleri aktif.";""
"pedia.fossil.age";"Age: %s";"Yaş: %s";"Keep the variable %s. It will be replaced with a number"
"pedia.fossil.condition.not_sheared";"This mob can be sheared";"Bu mob makasla kırpılabilir";""
"pedia.fossil.condition.sheared";"This mob was recently sheared";"Bu mob daha yeni makasla kırpıldı";""
"pedia.fossil.condition.stunted";"This mob's growth has been stunted. It can no longer age up";"Bu mobun büyümesi durduruldu. Artık yaşlanamaz";""
"pedia.fossil.diet";"Diet: %s";"Beslenme: %s";"Keep the variable %s. It will be replaced with the translated name of the diet type"
"pedia.fossil.diet.carnivore";"Carnivore";"Etçil";""
"pedia.fossil.diet.carnivore_egg";"Ovivorous Carnivore";"Yumurtacıl Etçil";""
"pedia.fossil.diet.herbivore";"Herbivore";"Otabur";""
"pedia.fossil.diet.insectivore";"Insectivore";"Böcekçil";""
"pedia.fossil.diet.none";"None";"Yok";""
"pedia.fossil.diet.omnivore";"Omnivore";"Hepçil";""
"pedia.fossil.diet.passive";"Self-feeding";"Kendi Kendini Besleyen";""
"pedia.fossil.diet.piscivore";"Piscivore";"Balıkçılcıl";""
"pedia.fossil.diet.pisci_carnivore";"Carnivorous Piscivore";"Balıkçılcıl Etçil";""
"pedia.fossil.diet.carnivore.desc";"This animal eats meat.";"Bu hayvan et ile besleniyor.";""
"pedia.fossil.diet.carnivore_egg.desc";"This animal eats eggs and meat.";"Bu hayvan et ve yumurta ile besleniyor.";""
"pedia.fossil.diet.herbivore.desc";"This animal eats plants.";"Bu hayvan bitkiler ile besleniyor.";""
"pedia.fossil.diet.insectivore.desc";"This animal eats insects.";"Bu hayvan böcekler ile besleniyor.";""
"pedia.fossil.diet.none.desc";"This animal does not eat.";"Bu hayvanın dışarıdan besin almasına ihtiyacı yok.";""
"pedia.fossil.diet.omnivore.desc";"This animal eats both plants and meat.";"Bu hayvan hem bitkiler hem de et ile besleniyor.";""
"pedia.fossil.diet.passive.desc";"This animal feeds itself passively when on dirt or sand.";"Bu hayvan kendi kendini toprağın ve kumun üstünden besleyebiliyor.";""
"pedia.fossil.diet.piscivore.desc";"This animal eats fish.";"Bu hayvan balıklar ile besleniyor.";""
"pedia.fossil.diet.pisci_carnivore.desc";"This animal eats both fish and meat.";"Bu hayvan hem balıklar hem de et ile besleniyor.";""
"pedia.fossil.egg";"%s Egg";"%s yumurtası";"Keep the variable %s. It will be replaced with the translated name of the mob"
"pedia.fossil.egg.time";"Hatch Progress: %s%%";"Yumurtadan çıkma: %% %s";"Keep the variable %s and the %%. It will be replaced with a percentage"
"pedia.fossil.egg.status";"Status: %s";"Durum: %s";"Keep the variable %s. It will be replaced with the translated name of the status"
"pedia.fossil.egg.status.cold";"Cold";"Soğuk";""
"pedia.fossil.egg.status.warm";"Warm";"Sıcak";""
"pedia.fossil.egg.status.wet";"Wet";"Islak";""
"pedia.fossil.gender";"Gender: %s";"Cinsiyet: %s";"Keep the variable %s. It will be replaced with the translated name of the gender"
"pedia.fossil.gender.female";"Female";"Dişi";""
"pedia.fossil.gender.male";"Male";"Erkek";""
"pedia.fossil.health";"Health: %s";"Can: %s";"Keep the variable %s. It will be replaced with a number"
"pedia.fossil.hunger";"Hunger: %s";"Açlık: %s";"Keep the variable %s. It will be replaced with a number"
"pedia.fossil.mood_status";"This mob's mood is %s";"Bu canlının ruh hali %s";"Keep the variable %s. It will be replaced with the translated name of the mood"
"pedia.fossil.mood.angry";"This mob is angry.";"Bu canlı öfkeli";""
"pedia.fossil.mood.calm";"This mob is calm.";"Bu canlı sakin";""
"pedia.fossil.mood.content";"This mob is content.";"Bu canlı tatmin hissediyor";""
"pedia.fossil.mood.happy";"This mob is happy.";"Bu canlı mutlu";""
"pedia.fossil.mood.sad";"This mob is sad.";"Bu canlı üzgün";""
"pedia.fossil.mood.angry.desc";"It will attack on sight.";"Seni görür görmez öldürmek istiyor.";""
"pedia.fossil.mood.calm.desc";"It will attack only if hungry.";"Sana sadece acıkırsa saldırır.";""
"pedia.fossil.mood.content.desc";"It will not attack you.";"Sana saldırmaz.";""
"pedia.fossil.mood.happy.desc";"It will not attack you.";"Sana saldırmaz.";""
"pedia.fossil.mood.sad.desc";"It will attack on sight.";"Sana saldırmak istiyor.";""
"pedia.fossil.order";"Current Order: %s";"Şu anda Takip ettiği Emir: %s";"Keep the variable %s. It will be replaced with the translated name of the order"
"pedia.fossil.order.item";"Order Item: %s";"Emir eşyası: %s";"Keep the variable %s. It will be replaced with the translated name of the item"
"pedia.fossil.order.follow";"Follow";"Takip et";""
"pedia.fossil.order.stay";"Stay";"Kal";""
"pedia.fossil.order.wander";"Wander";"Serbest";""
"pedia.fossil.order.follow.desc";"This mob will follow its owner.";"Bu canlı sahibini takip ediyor.";""
"pedia.fossil.order.stay.desc";"This mob will not move.";"Bu canlı hareket etmeyecek ve yerinde kalıcak.";""
"pedia.fossil.order.wander.desc";"This mob is free to wander around.";"Bu canlı özgürce etrafta gezinmekte özgür.";""
"pedia.fossil.owner";"Owner: %s";"Sahip: %s";"Keep the variable %s. It will be replaced with the name of a player"
"pedia.fossil.population";"Max Population: %s";"Maksimum Popülasyon: %s";"Keep the variable %s. It will be replaced with a number"
"pedia.fossil.pregnant";"Pregnant %s";"Hamile %s";"Keep the variable %s. It will be replaced with the translated name of the mob"
"pedia.fossil.pregnantTime";"Embryo Progress: %s%%";"Embriyo İlerlemesi: %%%s";"Keep the variable %s and the %%. It will be replaced with a percentage"
"pedia.fossil.temperament";"Temperament: %s";"Mizaç: %s";"Keep the variable %s. It will be replaced with the translated name of the temperament"
"pedia.fossil.temperament.aggressive";"Aggressive";"Agresif";""
"pedia.fossil.temperament.calm";"Calm";"Sakin";""
"pedia.fossil.temperament.scared";"Timid";"Utangaç";""
"pedia.fossil.temperament.territorial";"Territorial";"Bölgeci";""
"pedia.fossil.temperament.water_aggressive";"Aggressive";"Agresif";""
"pedia.fossil.temperament.water_calm";"Calm";"Sakin";""
"pedia.fossil.temperament.aggressive.desc";"This mob attacks other mobs.";"Bu canlı gördüğü diğer moblara saldıracak";""
"pedia.fossil.temperament.calm.desc";"This mob is not scared by other mobs.";"Bu canlı gördüğü diğer moblardan korkmuyor";""
"pedia.fossil.temperament.scared.desc";"This mob runs from other mobs.";"Bu canlı gördüğü diğer moblardan kaçacak";""
"pedia.fossil.temperament.territorial.desc";"This mob will attack other mobs that are close.";"Bu canlı kendisine çok yaklaşan moblara saldıracak";""
"pedia.fossil.temperament.water_aggressive.desc";"This mob attacks other mobs.";"Bu canlı gördüğü diğer moblara saldıracak";""
"pedia.fossil.temperament.water_calm.desc";"This mob is not scared by other mobs.";"Bu canlı gördüğü diğer moblardan korkmuyor";""
"pedia.fossil.untamed";"Untamed";"Vahşi";""
"category.fossil.rei.analyzer";"Analyzing";"Analiz ediliyor";""
"category.fossil.rei.culture_vat";"Cultivating";"Kültüve ediyor";""
"category.fossil.rei.sifter";"Sifting";"Elekleniyor";""
"category.fossil.rei.worktable";"Repairing";"Onarılıyor";""
"category.fossil.controls";"Fossils and Archeology";"Fosiller ve Arkeoloji";""
"key.fossil.fly_up";"Fly up";"Yukarı uç";""
"key.fossil.fly_down";"Fly down";"Aşağı Uç";""
"filter.fossil.figurines";"Figurines";"Figürler";""
"filter.fossil.filter_bones";"Bones";"Kemikler";""
"filter.fossil.filter_buckets";"Mob Buckets";"Mob Kovaları";""
"filter.fossil.filter_building_blocks";"Building Blocks";"İnşaa Blokları";""
"filter.fossil.filter_dna";"DNA";"DNA";""
"filter.fossil.filter_eggs";"Eggs";"Yumurtalar";""
"filter.fossil.filter_machines";"Machines";"Makineler";""
"filter.fossil.filter_meat";"Meat";"Etler";""
"filter.fossil.filter_other";"Produce";"Ürünler";""
"filter.fossil.filter_plants";"Plants";"Bitkiler";""
"filter.fossil.filter_trees";"Trees & Woods";"Ağaçlar & Kütükler";""
"filter.fossil.filter_unbreakable";"Unbreakable";"Kırılamaz";""
"filter.fossil.filter_vases";"Vases";"Vazolar";""
"filter.fossil.filter_park";"Park";"Park";""
"subtitle.fossil.anu_cough";"Anu coughs";"An öksürüyor";""
"subtitle.fossil.anu_death";"Anu dies";"Anu ölmesi";""
"subtitle.fossil.anu_laugh";"Anu laughs";"Anu gülüyor";""
"subtitle.fossil.anu_totem";"Anu Totem awakens";"Anu Totemi uyanıyor";""
"subtitle.fossil.drum_single";"Drum plays";"Davul sesleri";""
"subtitle.fossil.tar";"Tar pops";"Katran patırdandı";""
"subtitle.fossil.whip";"Whip cracked";"Kırbaç kırıldı";""
"subtitle.fossil.allosaurus_ambient";"Allosaurus grumbles";"Allosaurus homurdandı";""
"subtitle.fossil.allosaurus_hurt";"Allosaurus hurts";"Allosaurus hasar aldı";""
"subtitle.fossil.allosaurus_death";"Allosaurus dies";"Allosaurus öldü";""
"subtitle.fossil.ankylosaurus_ambient";"Ankylosaurus grunts";"Ankylosaurus hırıldandı";""
"subtitle.fossil.ankylosaurus_hurt";"Ankylosaurus hurts";"Ankylosaurus hasar aldı";""
"subtitle.fossil.ankylosaurus_death";"Ankylosaurus dies";"Ankylosaurus öldü";""
"subtitle.fossil.arthropleura_ambient";"Arthropleura scuttles";"Arthropleura kıkrıdandı";""
"subtitle.fossil.arthropleura_hurt";"Arthropleura hurts";"Arthropleura hasar aldı";""
"subtitle.fossil.arthropleura_death";"Arthropleura dies";"Arthropleura öldü";""
"subtitle.fossil.arthropleura_walk";"Arthropleura scuttles";"Arthropleura kıkırdandı";""
"subtitle.fossil.brachiosaurus_ambient";"Brachiosaurus rumbles";"Brachiosaurus gümbürdendi";""
"subtitle.fossil.brachiosaurus_hurt";"Brachiosaurus hurts";"Brachiosaurus hasar aldı";""
"subtitle.fossil.brachiosaurus_death";"Brachiosaurus dies";"Brachiosaurus öldü";""
"subtitle.fossil.ceratosaurus_ambient";"Ceratosaurus breathes";"Ceratosaurus nefes aldı";""
"subtitle.fossil.ceratosaurus_hurt";"Ceratosaurus hurts";"Ceratosaurus hasar aldı";""
"subtitle.fossil.ceratosaurus_death";"Ceratosaurus dies";"Ceratosaurus öldü";""
"subtitle.fossil.citipati_ambient";"Citipati clucks";"Citipati gıdakladı";""
"subtitle.fossil.citipati_hurt";"Citipati hurts";"Citipati hasar aldı";""
"subtitle.fossil.citipati_death";"Citipati dies";"Citipati öldü";""
"subtitle.fossil.compsognathus_ambient";"Compsognathus chirps";"Compsognathus ötüştü";""
"subtitle.fossil.compsognathus_hurt";"Compsognathus hurts";"Compsognathus hasar aldı";""
"subtitle.fossil.compsognathus_death";"Compsognathus dies";"Compsognathus öldü";""
"subtitle.fossil.confuciusornis_ambient";"Confuciusornis calls";"Confuciusornis öttü";""
"subtitle.fossil.confuciusornis_hurt";"Confuciusornis hurts";"Confuciusornis hasar aldı";""
"subtitle.fossil.confuciusornis_death";"Confuciusornis dies";"Confuciusornis öldü";""
"subtitle.fossil.deinonychus_ambient";"Deinonychus screeches";"Deinonychus çığlık attı";""
"subtitle.fossil.deinonychus_hurt";"Deinonychus hurts";"Deinonychus hasar aldı";""
"subtitle.fossil.deinonychus_death";"Deinonychus dies";"Deinonychus öldü";""
"subtitle.fossil.dilophosaurus_ambient";"Dilophosaurus screeches";"Dilophosaurus çığlık attı";""
"subtitle.fossil.dilophosaurus_hurt";"Dilophosaurus hurts";"Dilophosaurus hasar aldı";""
"subtitle.fossil.dilophosaurus_death";"Dilophosaurus dies";"Dilophosaurus öldü";""
"subtitle.fossil.diplodocus_ambient";"Diplodocus rumbles";"Diplodocus homurdandı";""
"subtitle.fossil.diplodocus_hurt";"Diplodocus hurts";"Diplodocus hasar aldı";""
"subtitle.fossil.diplodocus_death";"Diplodocus dies";"Diplodocus öldü";""
"subtitle.fossil.dodo_ambient";"Dodo squawks";"Dodo ciyakladı";""
"subtitle.fossil.dodo_hurt";"Dodo hurts";"Dodo hasar aldı";""
"subtitle.fossil.dodo_death";"Dodo dies";"Dodo öldü";""
"subtitle.fossil.dryosaurus_ambient";"Dryosaurus chirps";"Dryosaurus ötüştü";""
"subtitle.fossil.dryosaurus_hurt";"Dryosaurus hurts";"Dryosaurus hasar aldı";""
"subtitle.fossil.dryosaurus_death";"Dryosaurus dies";"Dryosaurus öldü";""
"subtitle.fossil.edaphosaurus_ambient";"Edaphosaurus growls";"Edaphosaurus homurdandı";""
"subtitle.fossil.edaphosaurus_hurt";"Edaphosaurus hurts";"Edaphosaurus hasar aldı";""
"subtitle.fossil.edaphosaurus_death";"Edaphosaurus dies";"Edaphosaurus öldü";""
"subtitle.fossil.elasmotherium_ambient";"Elasmotherium snorts";"Elasmotherium burnundan homurdu";""
"subtitle.fossil.elasmotherium_hurt";"Elasmotherium hurts";"Elasmotherium hasar aldı";""
"subtitle.fossil.elasmotherium_death";"Elasmotherium dies";"Elasmotherium öldü";""
"subtitle.fossil.gallimimus_ambient";"Gallimimus screeches";"Gallimimus çığlık attı";""
"subtitle.fossil.gallimimus_hurt";"Gallimimus hurts";"Gallimimus hasar aldı";""
"subtitle.fossil.gallimimus_death";"Gallimimus dies";"Gallimimus öldü";""
"subtitle.fossil.henodus_ambient";"Henodus growls";"Henodus homurdandı";""
"subtitle.fossil.henodus_hurt";"Henodus hurts";"Henodus hasar aldı";""
"subtitle.fossil.henodus_death";"Henodus dies";"Henodus öldü";""
"subtitle.fossil.ichthyosaurus_ambient";"Ichthyosaurus echoes";"Ichthyosaurus ıslık şarkısı atıı";""
"subtitle.fossil.ichthyosaurus_hurt";"Ichthyosaurus hurts";"Ichthyosaurus hasar aldı";""
"subtitle.fossil.ichthyosaurus_death";"Ichthyosaurus dies";"Ichthyosaurus öldü";""
"subtitle.fossil.ichthyosaurus_ambient_outside";"Ichthyosaurus bubbles";"Ichthyosaurus fokurdandı";"subtitle.fossil.ichthyosaurus_ambient_outside"
"subtitle.fossil.liopleurodon_ambient_inside";"Liopleurodon growls";"Liopleurodon homurdandı";""
"subtitle.fossil.liopleurodon_ambient_outside";"Liopleurodon bubbles";"Liopleurodon fokurdandı";""
"subtitle.fossil.liopleurodon_hurt";"Liopleurodon hurts";"Liopleurodon hasar aldı";""
"subtitle.fossil.liopleurodon_attack";"Liopleurodon attacks";"Liopleurodon saldırdı";""
"subtitle.fossil.liopleurodon_death";"Liopleurodon dies";"Liopleurodon öldü";""
"subtitle.fossil.mammoth_ambient";"Mammoth trumpets";"Mamut trompetledi";""
"subtitle.fossil.mammoth_hurt";"Mammoth hurts";"Mamut hasar aldı";""
"subtitle.fossil.mammoth_death";"Mammoth dies";"Mamut öldü (canavar)";""
"subtitle.fossil.megalania_ambient";"Megalania grumbles";"Megalanya homurdandı";""
"subtitle.fossil.megalania_hurt";"Megalania hurts";"Megalanya hasar aldı";""
"subtitle.fossil.megalania_death";"Megalania dies";"Megalanya öldü";""
"subtitle.fossil.megaloceros_ambient";"Megaloceros grunts";"Megaloceros hırıldandı";""
"subtitle.fossil.megaloceros_hurt";"Megaloceros hurts";"Megaloceros hasar aldı";""
"subtitle.fossil.megaloceros_death";"Megaloceros dies";"Megaloceros öldü";""
"subtitle.fossil.megalodon_ambient";"Megalodon swims";"Megalodon yüzüyor";""
"subtitle.fossil.megalodon_hurt";"Megalodon hurts";"Megalodon hasar aldı";""
"subtitle.fossil.megalodon_hurt_outside";"Megalodon hurts";"Megalodon hasar aldı";""
"subtitle.fossil.megalodon_death";"Megalodon dies";"Megalodon öldü";""
"subtitle.fossil.megalograptus_ambient";"Megalograptus scuttles";"Megalograptus kıkırdandı";""
"subtitle.fossil.megalograptus_hurt";"Megalograptus hurts";"Megalograptus hasar aldı";""
"subtitle.fossil.megalograptus_death";"Megalograptus dies";"Megalograptus öldü";""
"subtitle.fossil.meganeura_ambient";"Meganeura buzzes";"Meganeura vızıldadı";""
"subtitle.fossil.meganeura_hurt";"Meganeura hurts";"Meganeura hasar aldı";""
"subtitle.fossil.meganeura_death";"Meganeura dies";"Meganeura öldü";""
"subtitle.fossil.mosasaurus_ambient_inside";"Mosasaurus roars";"Mosazor kükredi";""
"subtitle.fossil.mosasaurus_ambient_outside";"Mosasaurus bubbles";"Mosazor fokurdadı";""
"subtitle.fossil.mosasaurus_hurt";"Mosasaurus hurts";"Mosazor hasar aldı";""
"subtitle.fossil.mosasaurus_death";"Mosasaurus dies";"Mosazor öldü";""
"subtitle.fossil.ornitholestes_ambient";"Ornitholestes creaks";"Ornitholestes gıcırdandı";""
"subtitle.fossil.ornitholestes_hurt";"Ornitholestes hurts";"Ornitholestes hasar aldı";""
"subtitle.fossil.ornitholestes_death";"Ornitholestes dies";"Ornitholestes öldü";""
"subtitle.fossil.pachycephalosaurus_ambient";"Pachycephalosaurus growls";"Pachycephalosaurus homurdandı";""
"subtitle.fossil.pachycephalosaurus_hurt";"Pachycephalosaurus hurts";"Pachycephalosaurus hasar aldı";""
"subtitle.fossil.pachycephalosaurus_death";"Pachycephalosaurus dies";"Pachycephalosaurus öldü";""
"subtitle.fossil.parasaurolophus_ambient";"Parasaurolophus calls";"Parasaurolophus çağrısı";""
"subtitle.fossil.parasaurolophus_hurt";"Parasaurolophus hurts";"Parasaurolophus hasar aldı";""
"subtitle.fossil.parasaurolophus_death";"Parasaurolophus dies";"Parasaurolophus ödlü";""
"subtitle.fossil.platybelodon_ambient";"Platybelodon trumpets";"Platybelodon trompetledi";""
"subtitle.fossil.platybelodon_hurt";"Platybelodon hurts";"Platybelodon hasar aldı";""
"subtitle.fossil.platybelodon_death";"Platybelodon dies";"Platybelodon öldü";""
"subtitle.fossil.plesiosaurus_ambient_inside";"Plesiosaurus chatters";"Plesiyozor laklak etti";""
"subtitle.fossil.plesiosaurus_ambient_outside";"Plesiosaurus chatters";"Plesiyozor laklak etti";""
"subtitle.fossil.plesiosaurus_hurt";"Plesiosaurus hurts";"Plesiyozor hasar aldı";""
"subtitle.fossil.plesiosaurus_death";"Plesiosaurus dies";"Plesiyozor öldü";""
"subtitle.fossil.pteranodon_ambient";"Pteranodon chatters";"Pteranodon laklak etti";""
"subtitle.fossil.pteranodon_hurt";"Pteranodon hurts";"Pteranodon hasar aldı";""
"subtitle.fossil.pteranodon_death";"Pteranodon dies";"Pteranodon öldü";""
"subtitle.fossil.quagga_ambient";"Quagga snorts";"Quagga burnundan homurdandı";""
"subtitle.fossil.quagga_hurt";"Quagga hurts";"Quagga hasar aldı";""
"subtitle.fossil.quagga_death";"Quagga dies";"Quagga öldü";""
"subtitle.fossil.sarcosuchus_baby_ambient";"Sarcosuchus peeps";"Sarcosuchus pipledi";""
"subtitle.fossil.sarcosuchus_ambient";"Sarcosuchus hisses";"Sarcosuchus tısladı";""
"subtitle.fossil.sarcosuchus_hurt";"Sarcosuchus hurts";"Sarcosuchus hasar aldı";""
"subtitle.fossil.sarcosuchus_death";"Sarcosuchus dies";"Sarcosuchus öldü";""
"subtitle.fossil.smilodon_ambient";"Smilodon grumbles";"Smilodon homurdandı";""
"subtitle.fossil.smilodon_hurt";"Smilodon hurts";"Smilodon hasar aldı";""
"subtitle.fossil.smilodon_death";"Smilodon dies";"Smilodon öldü";""
"subtitle.fossil.spinosaurus_ambient";"Spinosaurus breathes";"Spinosaurus soludu";""
"subtitle.fossil.spinosaurus_hurt";"Spinosaurus hurts";"Spinosaurus hasar aldı";""
"subtitle.fossil.spinosaurus_death";"Spinosaurus dies";"Spinosaurus öldü";""
"subtitle.fossil.stegosaurus_ambient";"Stegosaurus growls";"Stegosaurus homurdandı";""
"subtitle.fossil.stegosaurus_hurt";"Stegosaurus hurts";"Stegosaurus hasar aldı";""
"subtitle.fossil.stegosaurus_death";"Stegosaurus dies";"Stegosaurus öldü";""
"subtitle.fossil.terror_bird_ambient";"Terror Bird squawks";"Terör Kuşu ciyakladı";""
"subtitle.fossil.terror_bird_hurt";"Terror Bird hurts";"Terör Kuşu hasar aldı";""
"subtitle.fossil.terror_bird_death";"Terror Bird dies";"Terör Kuşu öldü";""
"subtitle.fossil.therizinosaurus_ambient";"Therizinosaurus bellows";"Therizinosaurus öhgheledi";""
"subtitle.fossil.therizinosaurus_hurt";"Therizinosaurus hurts";"Therizinosaurus hasar aldı";""
"subtitle.fossil.therizinosaurus_death";"Therizinosaurus dies";"Therizinosaurus öldü";""
"subtitle.fossil.tiktaalik_ambient";"Tiktaalik bubbles";"Tiktaalik fokurdandı";""
"subtitle.fossil.tiktaalik_hurt";"Tiktaalik hurts";"Tiktaalik hasar aldı";""
"subtitle.fossil.tiktaalik_death";"Tiktaalik dies";"Tiktaalik öldü";""
"subtitle.fossil.triceratops_ambient";"Triceratops screeches";"Triceratops çığlık attı";""
"subtitle.fossil.triceratops_hurt";"Triceratops hurts";"Triceratops hasar aldı";""
"subtitle.fossil.triceratops_death";"Triceratops dies";"Triceratops öldü";""
"subtitle.fossil.tyrannosaurus_ambient";"Tyrannosaurus roars";"Tiranozor kükürdendi";""
"subtitle.fossil.tyrannosaurus_hurt";"Tyrannosaurus hurts";"Tiranozor hasar aldı";""
"subtitle.fossil.tyrannosaurus_death";"Tyrannosaurus dies";"Tiranozor öldü";""
"subtitle.fossil.tyrannosaurus_roar";"Tyrannosaurus roars";"Tiranozor kükredi";""
"subtitle.fossil.tyrannosaurus_weak";"Tyrannosaurus roars weakly";"Tiranozor hafifçe kükredi";""
"subtitle.fossil.velociraptor_ambient";"Velociraptor screeches";"Velociraptor çığlık attı";""
"subtitle.fossil.velociraptor_hurt";"Velociraptor hurts";"Velociraptor hasar aldı";""
"subtitle.fossil.velociraptor_death";"Velociraptor dies";"Velociraptor öldü (canavar)";""
"fossil.jade.fish";"Fish: %s";"Balık: %s";"Keep the variable %s. It will be replaced with a number"
"fossil.jade.meat";"Meat: %s";"Et: %s";"Keep the variable %s. It will be replaced with a number"
"fossil.jade.plant";"Plants: %s";"Bitki: %s";"Keep the variable %s. It will be replaced with a number"
"fossil.midnightconfig.title";"Fossils and Archeology: Revival Config";"Fosiller ve Arkeoloji : Uyanış Yapılandırma";""
"fossil.midnightconfig.generate";"Generation Config";"Genellendirilmiş Yapılandırma";""
"fossil.midnightconfig.spawn";"Spawn Config";"Spawn Yapılandırması";""
"fossil.midnightconfig.mob";"Mob Config";"Mob Yapılandırması";""
"fossil.midnightconfig.machine";"Machine Config";"Makine Yapılandırması";""
"fossil.midnightconfig.other";"Other";"Diğer";""
"fossil.midnightconfig.generateHellShips";"Generate Hell Ships";"Cehennem Gemilerini Üret";""
"fossil.midnightconfig.generateHellShips.tooltip";"True if Hell Ships are to generate naturally";"True eğer Cehennem Gemileri doğal şekilde oluşacaksa";""
"fossil.midnightconfig.generateAcademy";"Generate Desert Academies";"Çöl Akademilerini Üret";""
"fossil.midnightconfig.generateAcademy.tooltip";"True if Desert Academies are to generate naturally";"True eğer Çöl Akademileri doğal şekilde oluşacaksa";""
"fossil.midnightconfig.generateAztecWeaponShops";"Generate Aztec Weapon Shops";"Aztek Silah Dükkanlarını Üret";""
"fossil.midnightconfig.generateAztecWeaponShops.tooltip";"True if Aztec Weapon Shops are to generate naturally";"True eğer Aztek Silah Dükkanları doğal şekilde oluşacaksa";""
"fossil.midnightconfig.generateTemple";"Generate Aztec Temple";"Aztek Tapınaklarını Üret";""
"fossil.midnightconfig.generateTemple.tooltip";"True if Aztec Temples are to generate naturally";"True eğer Aztek Tapınakları doğal şekilde oluşacaksa";""
"fossil.midnightconfig.generateFossils";"Generate Fossil Ores";"Fosil Cevheri Çıksın";""
"fossil.midnightconfig.generateFossils.tooltip";"True if Fossil Ores are to generate naturally";"True, eğer Fosil Cevherlerinin doğal olarak dünyanda çıkmasına izin vermek istiyorsan";""
"fossil.midnightconfig.generatePermafrost";"Generate Permafrost";"Kalıcı Don Toprağı Oluşsun";""
"fossil.midnightconfig.generatePermafrost.tooltip";"True if Permafrost Ore is to generate naturally";"True eğer Kalıcı Don Toprağı doğal olarak dünyanda çıkmasına izin vermek istiyorsan";""
"fossil.midnightconfig.generateVolcanicRock";"Generation Volcanic Rock";"Volkanik taş Üret";""
"fossil.midnightconfig.generateVolcanicRock.tooltip";"True if Volcanic Rock is to generate naturally";"True eğer doğal olarak Volkanik taş üretilecekse";""
"fossil.midnightconfig.generateMoai";"Generate Moai";"Moai Üret";""
"fossil.midnightconfig.generateMoai.tooltip";"True if Moai Statues are to generate naturally";"True eğer Moai yapıları doğal şekilde oluşacaksa";""
"fossil.midnightconfig.generateVolcanoBiome";"Generate Volcano Biome";"Volkan Biyomu Üret";""
"fossil.midnightconfig.generateVolcanoBiome.tooltip";"True if Volcano Biomes are to generate naturally";"True, eğer Volkan Biyomlarının dünyanda doğal olarak üretilmesini istiyorsan";""
"fossil.midnightconfig.fossilOreRarity";"Fossil Ore Rarity";"Fosil Cevheri Nadirliği";""
"fossil.midnightconfig.fossilOreRarity.tooltip";"Rarity of Fossil ore. Higher number = more tries per chunk";"Fosil Cevheri Nadirliği. Yüksek sayı = chunk başına daha fazla üretmeyi dener";""
"fossil.midnightconfig.permafrostRarity";"Permafrost Rarity";"Kalıcı Don Toprağı Nadirliği";""
"fossil.midnightconfig.permafrostRarity.tooltip";"Rarity of Permafrost. Higher number = more tries per chunk";"Kalıcı Don Toprağı Nadirliği. Yüksek sayı = chunk başına daha fazla üretmeyi dener";""
"fossil.midnightconfig.hellShipSpacing";"Hell Ship Spacing";"Cehennem Gemisi Mesafesi";""
"fossil.midnightconfig.hellShipSpacing.tooltip";"Maximum number of chunks between Ship Structures";"Cehennem Gemileri arasındaki maksimum chunk sayısı";""
"fossil.midnightconfig.hellShipSeparation";"Hell Ship Separation";"Cehennem Gemisi Ayrıklığı";""
"fossil.midnightconfig.hellShipSeparation.tooltip";"Minimum number of chunks between Ship Structures";"Cehennem Gemileri arasındaki minumum chunk sayısı";""
"fossil.midnightconfig.moaiRarity";"Moai Statue Rarity";"Moai Yapısı Nadirliği";""
"fossil.midnightconfig.moaiRarity.tooltip";"Rarity of Moai Statues. Higher number = more rare";"Moai Yapısı Nadirliği. Yüksek sayı = daha yaygın";""
"fossil.midnightconfig.volcanoBiomeRarity";"Volcano Biome Rarity";"Volkan Biyomu Nadirliği";""
"fossil.midnightconfig.volcanoBiomeRarity.tooltip";"Volcano Biome Weight. Higher number = more common";"Volkan Biyomu Ağırlığı. Yüksek sayı = daha yaygın";""
"fossil.midnightconfig.spawnTarSlimes";"Spawn Tar Slimes";"Katran Balçıkları Doğabilsin";""
"fossil.midnightconfig.spawnTarSlimes.tooltip";"True if Tar Slimes are to spawn naturally in tar pits";"True eğer Katran Balçığı doğal şekilde dünyanda doğabilecekse";""
"fossil.midnightconfig.spawnNautilus";"Spawn Nautilus";"Notilus Doğsun";""
"fossil.midnightconfig.spawnNautilus.tooltip";"True if Nautilus are to spawn naturally in oceans";"True eğer okyanuslarda doğal olarak Notilus doğmasını istiyorsan";""
"fossil.midnightconfig.spawnCoelacanth";"Spawn Coelacanth";"Sölekantlar doğsun";""
"fossil.midnightconfig.spawnCoelacanth.tooltip";"True if Coelacanths are to spawn naturally in oceans";"True eğer okyanuslarda doğal olarak Sölekant doğmasını istiyorsan";""
"fossil.midnightconfig.fishArePersistent";"Player fish never despawn";"Oyuncunun Balığı Ortadan Kaybolmaz";""
"fossil.midnightconfig.fishArePersistent.tooltip";"True if fish spawned via fish egg item should never despawn";"True eğer yüzen canlı bir yüzer yumurta tarafından doğurulduysa asla ortadan kaybolmaz.";""
"fossil.midnightconfig.spawnAlligatorGar";"Spawn Alligator Gar";"Timsah Zargana Doğsun";""
"fossil.midnightconfig.spawnAlligatorGar.tooltip";"True if Alligator Gars are to spawn naturally in swamps";"True eğer Timsah Zargana doğal olarak bataklıklarda doğacaksa";""
"fossil.midnightconfig.spawnSturgeon";"Spawn Sturgeon";"Mersin Balığı Doğsun";""
"fossil.midnightconfig.spawnSturgeon.tooltip";"True if Sturgeons are to spawn naturally in rivers";"True eğer Mersin Balığı doğal olarak nehirlerde doğacaksa";""
"fossil.midnightconfig.tarSlimesSpawnRate";"Tar Slime Spawn Rate";"Katran Balçığı Doğma Miktarı";""
"fossil.midnightconfig.tarSlimesSpawnRate.tooltip";"Tar Slime Spawn Rarity. Higher number = more rare";"Katran Balçığı Doğma Nadirliği. Yüksek sayı = daha nadir";""
"fossil.midnightconfig.alligatorGarSpawnWeight";"Alligator Gar Spawn Weight";"Timsah Zargana doğma ağırlığı";""
"fossil.midnightconfig.alligatorGarSpawnWeight.tooltip";"Alligator Gar Spawn Weight. Higher number = more common";"Timsah Zargana doğma ağırlığı. Yüksek sayı = daha yaygın";""
"fossil.midnightconfig.coelacanthSpawnWeight";"Coelacanth Spawn Weight";"Sölekant Doğma Ağırlığı";""
"fossil.midnightconfig.coelacanthSpawnWeight.tooltip";"Coelacanth Spawn Weight. Higher number = more common";"Sölekant Doğma Ağırlığı. Yüsek sayı = daha yaygın";""
"fossil.midnightconfig.nautilusSpawnWeight";"Nautilus Spawn Weight";"Notilus Doğma Ağırlığı";""
"fossil.midnightconfig.nautilusSpawnWeight.tooltip";"Nautilus Spawn Weight. Higher number = more common";"Notilus Doğma Ağırlığı. Yüksek sayı = daha yaygınor";""
"fossil.midnightconfig.sturgeonSpawnWeight";"Sturgeon Spawn Weight";"Mersin Balığı Doğma Ağırlığı";""
"fossil.midnightconfig.sturgeonSpawnWeight.tooltip";"Sturgeon Spawn Weight. Higher number = more common";"Mersin Balığı Doğma Ağırlığı. Yüksek sayı = daha yaygın";""
"fossil.midnightconfig.healingDinos";"Enable Dino Healing";"Dinozor iyileşmesine izin ver";""
"fossil.midnightconfig.healingDinos.tooltip";"True if Dinosaurs can be healed by hand feeding food";"True eğer Dinozor el ile besleme ile canını yenileyebilecekse";""
"fossil.midnightconfig.enableHunger";"Enable Hunger";"Açlığı Etkinleştir";""
"fossil.midnightconfig.enableHunger.tooltip";"True if Dinosaurs have hunger";"True eğer Dinozorların açlığı olucaksa";""
"fossil.midnightconfig.enableStarvation";"Enable Starvation";"Açlıktan Ölmeyi Etkinleştir";""
"fossil.midnightconfig.enableStarvation.tooltip";"True if Dinosaurs can die of hunger";"True eğer Dinozorların açlıktan ölebilecekse";""
"fossil.midnightconfig.breedingDinos";"Enable Breeding Dinos";"Dinozor Çiftleşmesini Etkinleştir";""
"fossil.midnightconfig.breedingDinos.tooltip";"True if Dinosaurs should breed";"True eğer Dinozorlar çiftleşebilecekse";""
"fossil.midnightconfig.eggsLikeChickens";"Eggs Like Chickens";"Tavuklarınkine Benzer Yumurtalar";""
"fossil.midnightconfig.eggsLikeChickens.tooltip";"True if Dinosaurs should create item eggs instead of entities";"True eğer Dinozorlar entity olarak üretmek yerine eşya olarak yumurta üretecekse";""
"fossil.midnightconfig.whipToTameDino";"Whip To Tame Dino";"Eğitmek için Kırbaçlamak";""
"fossil.midnightconfig.whipToTameDino.tooltip";"True if Whips can be used to tame some dinosaurs";"True eğer Kırbaç bazı dinozorları eğitmek için kullanılabilecekse";""
"fossil.midnightconfig.pregnancyDuration";"Pregnancy Duration";"Hamilelik Süresi";""
"fossil.midnightconfig.pregnancyDuration.tooltip";"How long mammal pregnancies last, in ticks";"Bir memelinin ne kadar hamile kalacağının süresi, tick olarak";""
"fossil.midnightconfig.dinosBreakBlocks";"Dinos Break Blocks";"Dinozolar Blokları Kırabilir";""
"fossil.midnightconfig.dinosBreakBlocks.tooltip";"True if certain Dinosaurs can break blocks weaker than the set hardness";"True eğer belirli Dinozorlar belirli bir sertliğin altındaki blokları kırabilecekse";""
"fossil.midnightconfig.blockBreakHardness";"Block Break Hardness";"Blok Kırılma Sertliği";""
"fossil.midnightconfig.blockBreakHardness.tooltip";"Minimum hardness that a block needs in order not to break. 
The default is iron(5). 
A value of 0.4 would be enough to break leaves and glass but not dirt";"Bir bloğun kırılmaması için gereken minumum sertlik varsayılan olarak 5 (demir)
0.4 gibi bir değer yaprakların ve camların kırılması için yeter ama toprak için yetmez";""
"fossil.midnightconfig.featheredDilo";"Feathered Dilophosaurus";"Tüylü Dilophosaurus";""
"fossil.midnightconfig.featheredDilo.tooltip";"True if Dilophosaurus should be feathered";"True eğer Dilophosaurusun tüylü olması gerekiyorsa";""
"fossil.midnightconfig.featheredCerato";"Feathered Ceratosaurus";"Tüylü Ceratosaurus";""
"fossil.midnightconfig.featheredCerato.tooltip";"True if Ceratosaurus should be feathered";"True eğer Ceratosaurus tüylü olması isteniyorsa";""
"fossil.midnightconfig.featheredDryo";"Feathered Dryosaurus";"Tüylü Dryosaurus";""
"fossil.midnightconfig.featheredDryo.tooltip";"True if Dryosaurus should be feathered";"True eğer Dryosaurusun tüylü olması gerekiyorsa";""
"fossil.midnightconfig.dinosEatBlocks";"Dinos Eat Blocks";"Dinozorlar Blokları Yiyebilir";""
"fossil.midnightconfig.dinosEatBlocks.tooltip";"True if herbivores can eat plant blocks";"True eğer otçullar bitki bloklarını yiyebilecekse";""
"fossil.midnightconfig.dinosEatModdedMobs";"Dinos Eat Modded Mobs";"Dinozolar Modlu Mobları Yiyebilir";""
"fossil.midnightconfig.dinosEatModdedMobs.tooltip";"True if Dinosaurs can hunt non-vanilla mobs";"True eğer Dinozorlar orijinal Minecraft'ta bulunmayan mobları avlayıp yiyebilecekse";""
"fossil.midnightconfig.animalsFearDinos";"Animals Fear Dinos";"Hayvanlar Dinozorlardan Korkar";""
"fossil.midnightconfig.animalsFearDinos.tooltip";"True if vanilla animals should run away from dangerous Dinosaurs";"True eğer orijinal Minecraft hayvanları bazı tehlikeli Dinozorlardan kaçacaksa";""
"fossil.midnightconfig.customMainMenu";"Custom Main Menu";"Özel Ana Menü";""
"fossil.midnightconfig.customMainMenu.tooltip";"True if the Custom Main Menu should be enabled";"True eğer Özelleştirilmiş Ana Menu etkinleştirilecekse";""
"fossil.midnightconfig.helmetOverlays";"Helmet Overlays";"Kask Kaplaması";""
"fossil.midnightconfig.helmetOverlays.tooltip";"True if bone helmet and ancient helmet should render overlays like vanilla pumpkin";"True eğer kemik kask ve antik kask takıldığında aynı balkabağı gibi renderlanacaksa";""
"fossil.midnightconfig.flyingTargetMaxHeight";"Flying Target Max Height";"Uçan Yaratık Maksimum Yükseklik";""
"fossil.midnightconfig.flyingTargetMaxHeight.tooltip";"Maximum height that flying creatures should be able to fly to";"Uçan canlıların uçabileceği maksimum yükseklik";""
"fossil.midnightconfig.cultureVatFailChance";"Culture Vat Fail Chance";"Canlandırma Kapsülü Başarısızlık Şansı";""
"fossil.midnightconfig.cultureVatFailChance.tooltip";"Percentage chance that the Culture Vat will break";"Canlandırma Kapsülünün kırılma ihtimali yüzdesi";""
"fossil.midnightconfig.machinesRequireEnergy";"Machines Require Energy";"Makineler Enerjiye İhtiyaç Duyar";""
"fossil.midnightconfig.machinesRequireEnergy.tooltip";"True if machines require Energy to operate";"True eğer makineler çalışmak için enerjiye gereksinim duyuyorsaanal";""
"fossil.midnightconfig.machineMaxEnergy";"Machine Max Energy";"Makine Maksimum Enerji";""
"fossil.midnightconfig.machineMaxEnergy.tooltip";"Max stored Energy machines can have";"Makinelerin maksimum depolayabileceği enerji";""
"fossil.midnightconfig.machineTransferRate";"Machine Transfer Rate";"Makinenin Aktarma Miktarı";""
"fossil.midnightconfig.machineTransferRate.tooltip";"Max Energy machines can transfer per tick";"Makinenin her tick başına maksimum aktarabileceği enerji";""
"fossil.midnightconfig.machineEnergyUsage";"Machine Energy Usage";"Makine Enerji Kullanımı";""
"fossil.midnightconfig.machineEnergyUsage.tooltip";"How much Energy machines consume per tick";"Makinenin tick başına ne kadar enerji tüketeciği";""
"fossil.midnightconfig.fernTickRate";"Fern Tick Rate";"Eğrelti otu Tick Oranı";""
"fossil.midnightconfig.fernTickRate.tooltip";"How often ferns try to grow. Higher number = less growth";"Ne sıklıkla eğrelti otu büyümeye çalışacak. Yüksek rakam = daha yavaş büyüme";""
"fossil.midnightconfig.anuBlockPlacing";"Anu Block Placing";"Anu Blok Yerleştirme";""
"fossil.midnightconfig.anuBlockPlacing.tooltip";"True if Anu should be able to place blocks";"True eğer Anu blok yerleştirebilecekse";""
"fossil.midnightconfig.anubiteHasCooldown";"Anubite Statues Cooldown";"Anubis Heykeli Bekleme Süresi";""
"fossil.midnightconfig.anubiteHasCooldown.tooltip";"True if Anubite statues shouldn't disappear after activation and instead go on cooldown";"True eğer Anubis heykeli aktive edildikten sonra yok olmayıp bekleme süresine girecekse";""
"fossil.midnightconfig.anubiteCooldown";"Anubite Statue Cooldown";"Anubis Heykeli Bekleme Süresi";""
"fossil.midnightconfig.anubiteCooldown.tooltip";"Cooldown between activations in ticks";"Aktivasyonlar arasındaki bekleme süresinin tick miktarı";""
"advancements.fossil.root.title";"Fossils & Archeology Revival";"Fosiller & Arkeoloji Uyanış";""
"advancements.fossil.root.description";"Dinosaurs, artifacts, and remains of the past";"Dinozorlar, antik eşyalar ve geçmişten kalanlar";""
"advancements.fossil.all_eggs.title";"Enough to fill a park or two";"Bir park dolusu hatta belki iki!";""
"advancements.fossil.all_eggs.description";"Incubate at least one of each egg";"Her yumurta türünden en az bir tanesini yaşama döndür";""
"advancements.fossil.all_embryos.title";"Mammal dominance";"Memelilerin hakimiyeti";""
"advancements.fossil.all_embryos.description";"Implant at least one of each embryo";"Her embriyo türünden en az bir tanesini anne karnına yerleştir";""
"advancements.fossil.analyzer.title";"Research Time";"Araştırma zamanı";""
"advancements.fossil.analyzer.description";"Craft an Analyzer to make something of these ancient remains";"Antik hurdalardan yararlanmak için Analiz Makinesi yap";""
"advancements.fossil.ancient_clock.title";"The Time Masheen";"Zaman Maykinesiiiii";""
"advancements.fossil.ancient_clock.description";"Using the Ancient Key, unlock the treasures of the Ancient Chest";"Antik anahtar kullanarak antik sandıktaki hazineye ulaş";""
"advancements.fossil.anu_lair.title";"Tomb of the False God";"Batıl Tanrının Mezarı";""
"advancements.fossil.anu_lair.description";"Locked Away for a Thousand Years";"Binlerce Yıl Hapis";""
"advancements.fossil.anubite.title";"Protectors of Anu";"Anubis'in Koruyucuları";""
"advancements.fossil.anubite.description";"Encounter an Anubite";"Anubis ile Karşılaşma";""
"advancements.fossil.break_fossil.title";"Digging Deep";"Derine Kazı";""
"advancements.fossil.break_fossil.description";"Obtain a Bio Fossil or a Relic Scrap from a Fossil Block";"Fosil Bloğundan Biyo Fosil veya Antik Hurda elde et";""
"advancements.fossil.broken_sword.title";"Into a Million Pieces";"Zibilyon Parçaya Dönüş";""
"advancements.fossil.broken_sword.description";"Find a Broken Ancient Sword or a Broken Ancient Helmet";"Kırık bir Antik Kılıç veya bir Antik Kask bul";""
"advancements.fossil.ancient_sword.title";"Using plenty of glue";"Bolca Yapıştırıcı Kullanmak";""
"advancements.fossil.ancient_sword.description";"Repair a Broken Ancient Sword or a Broken Ancient Helmet";"Kırık bir Antik Kılıcı veya bir Antik Kaskı tamir et";""
"advancements.fossil.culture_vat.title";"The Crucible";"Cadı Kazanı";""
"advancements.fossil.culture_vat.description";"Create a Culture Vat to restore prehistoric creatures from DNA";"Tarih öncesi canlılardan DNA çıkarmak için bir Canlandırma Kapsülü yap";""
"advancements.fossil.dino_eggs.title";"Eggs!";"YUMURTALAR!";""
"advancements.fossil.dino_eggs.description";"Cultivate an egg from DNA";"DNA kullanarak bir yumurta kültüve et";""
"advancements.fossil.dinopedia.title";"Read all about it!";"İlk emir: OKU!";""
"advancements.fossil.dinopedia.description";"Craft a dinopedia in order to learn about your prehistoric creature";"Tarih öncesi canlılar hakkında daha fazla şey öğrenmek için bir Dinopedi yap";""
"advancements.fossil.dna.title";"Bingo! Dino DNA!";"Bingo! Dino DNA'sı!";""
"advancements.fossil.dna.description";"Obtain DNA, usually from analyzing Bio Fossils";"DNA elde et, genelde Biyo Fosillerin analiz edilmesiyle elde edilir";""
"advancements.fossil.embryos.title";"Starman";"Starman";""
"advancements.fossil.embryos.description";"Cultivate a mammal embryo from DNA";"DNA kullanarak bir memeli embriyosu kültüve et";""
"advancements.fossil.failuresaurus.title";"Back to the Drawing Boards";"Şimdi Sil Baştan!";""
"advancements.fossil.failuresaurus.description";"Encounter a Failuresaurus";"Fiyaskosaurus ile Tanışma";""
"advancements.fossil.figurines.title";"Figures...";"Figürler...";""
"advancements.fossil.figurines.description";"Find a figurine. Maybe these could be used to open a certain portal?";"Bir figür bul. Belki bunları belirli bir portalı açmakta kullanbirsin?";""
"advancements.fossil.fossil_seeds.title";"Seeds of the Past";"Geçmişin Toğumları";""
"advancements.fossil.fossil_seeds.description";"Obtain Fossil Seeds from analyzing a Plant Fossil";"Bir bitki fosili analiz ederek fosilleşmiş toğumlarını elde et";""
"advancements.fossil.fossil_tar.title";"Fossil Fuel";"Fosil Yakıt";""
"advancements.fossil.fossil_tar.description";"Obtain a Tar Fossil from analyzing a Tar Drop";"Bir Katran Damlasını analiz ederek Katran Fosili elde et";""
"advancements.fossil.frozen_meat.title";"ZE ICE AGE!!!";"ZEE BUZ DEVRİNDE!";""
"advancements.fossil.frozen_meat.description";"Get Frozen Meat from Permafrost. It can be analyzed to get Cenozoic DNA";"Kalıcı Don Toprağından Donmuş Et elde et. Analiz edilerek Senozoyik Dönemden DNA elde edilebilir";""
"advancements.fossil.kill_anu.title";"No Gods, No Masters";"Tanrı Yok, Hükümdar Yok";""
"advancements.fossil.kill_anu.description";"Kill Anu";"Anu'yu öldür";""
"advancements.fossil.restored_seeds.title";"Back to Life";"Diriliş";""
"advancements.fossil.restored_seeds.description";"Restore a Fossilized Seed to a living state in the Culture Vat";"Fosilleşmiş bir bitki toğumunu Canlandırma Kapsülü yoluyla tekrar hayata döndür";""
"advancements.fossil.sarcophagus.title";"Open Sesame!";"Açıl susam açıl Sesame!";""
"advancements.fossil.sarcophagus.description";"Open the Ancient Sarcophagus with a Scarab Gem";"Bir Gizemli Lahiti Pislik Böceği Mücevheri kullanarak aç";""
"advancements.fossil.scarab_gem.title";"Winning the Lottery";"Piyangoyu kazanmak";""
"advancements.fossil.scarab_gem.description";"Gain a Scarab Gem as a rare drop from a Fossil Block";"Bir Fosil Bloğundan nadir bir Pislik Böceği Mücevheri elde et.";""
"advancements.fossil.scarab_tame.title";"King of the Beasts!";"Ulu Canavarların Kralı!";""
"advancements.fossil.scarab_tame.description";"Tame a large predator using a Scarab Gem or an Aquatic Scarab Gem";"Büyük bir yırtıcıyı Pislik Böceği Mücevheri veya Sucul Pislik Böceği Mücevheri kullanarak evcilleştir.";""
"advancements.fossil.stone_tablet.title";"The Never Ending Story";"Hiç Bitmeyen Hikaye";""
"advancements.fossil.stone_tablet.description";"Obtain a Stone Tablet from analyzing Relic Scrap";"Antik Hurda analiz ederek Taş Tablet elde et";""
"advancements.fossil.tar_drop.title";"Tar Tar Sauce";"Katur Kutur Katran";""
"advancements.fossil.tar_drop.description";"Turn a Bucket of Tar into Tar Drops";"Bir Katran Kovasını Katran Damlalarına dönüştür";""
"advancements.fossil.worktable.title";"It Belongs in a Museum!";"O bir müzeye ait!";""
"advancements.fossil.worktable.description";"Craft an Archeologist Workbench";"Bir Arkeoloji Tezgahı Yap";""
